probe_id,country,asn,samples,rtt_min,rtt_median,rtt_p95,jitter_iqr,loss_pct,distance_km,min_rtt_ms,inflation
7749,RU,212183,221,120.33,124.5,126.16,0.22,78.12,435.2,4.36,27.63
7453,AM,51225,1080,115.64,120.18,128.18,9.82,0.0,443.7,4.44,26.04
7778,GE,49628,1062,113.54,123.63,124.55,0.21,1.39,613.5,6.14,18.49
6582,IR,48715,1038,109.93,113.15,116.84,0.47,0.0,660.4,6.61,16.63
7665,LB,399728,1051,134.1,136.07,156.25,9.39,1.31,807.5,8.08,16.59
6933,RU,207423,1080,132.95,137.11,138.07,0.59,0.0,807.1,8.08,16.46
7644,IR,39650,1008,103.48,108.58,112.51,0.56,0.0,661.1,6.62,15.64
7027,IR,59441,1052,104.39,114.83,176.08,1.72,1.03,669.8,6.7,15.57
7198,AE,31713,1074,242.79,247.25,247.79,0.15,0.0,1640.7,16.42,14.79
6664,IL,202422,1071,138.8,140.32,141.33,0.4,0.09,959.7,9.6,14.45
6505,GE,16010,1077,84.37,89.43,91.37,0.62,0.0,612.6,6.13,13.76
6994,AE,57187,1077,189.5,193.72,194.72,0.24,0.0,1640.0,16.41,11.55
6392,AE,42473,1077,187.17,191.4,193.37,0.29,0.0,1640.1,16.41,11.4
6962,AE,15802,1076,185.39,189.63,190.51,0.12,0.0,1640.0,16.41,11.3
6616,SA,47794,1074,144.54,144.83,145.6,0.23,0.28,1302.5,13.03,11.09
7009,SA,208520,1074,141.15,142.54,143.24,0.23,0.0,1304.9,13.06,10.81
7047,AE,15412,1076,176.92,181.04,182.68,0.17,0.0,1639.8,16.41,10.78
7420,AE,215024,1063,170.33,177.83,178.76,0.15,0.47,1635.6,16.37,10.41
6747,KZ,48503,1080,140.76,144.93,145.8,0.14,0.0,1373.9,13.75,10.24
7278,AF,138322,1076,213.98,220.12,228.59,0.83,0.0,2286.8,22.88,9.35
6944,AE,16552,1074,156.96,186.02,272.46,7.54,0.0,1704.6,17.06,9.2
6431,SA,50999,1080,147.88,148.07,148.39,0.16,0.0,1619.5,16.21,9.12
6798,AE,36236,1080,136.42,136.74,165.35,0.23,0.0,1627.7,16.29,8.38
6619,UA,12773,1077,115.16,118.75,119.48,0.97,0.0,1402.5,14.03,8.21
6756,KZ,48503,1080,163.76,166.78,170.64,0.22,0.0,2043.8,20.45,8.01
7375,IN,138800,1051,223.15,223.92,233.04,7.41,1.22,2791.6,27.94,7.99
6508,IR,58224,1071,111.7,119.74,193.71,1.43,0.37,1398.2,13.99,7.98
7638,TJ,51346,1065,172.69,187.54,284.95,13.55,0.75,2197.4,21.99,7.85
6754,KZ,48503,1077,136.28,143.39,147.34,2.61,0.28,1765.9,17.67,7.71
7123,UA,202619,1077,109.23,114.47,121.6,1.0,0.0,1423.7,14.25,7.67
7710,TR,48678,1077,103.99,108.15,109.87,0.13,0.0,1379.0,13.8,7.54
7684,KZ,197556,1077,140.4,143.51,152.98,0.41,0.0,1884.4,18.86,7.45
7425,TJ,204106,1070,160.27,178.96,184.46,5.92,0.0,2199.1,22.01,7.28
6759,KZ,48503,1077,166.81,167.67,169.52,0.5,0.0,2294.1,22.96,7.27
7736,KZ,21299,1074,137.09,140.68,142.97,0.53,0.0,1885.6,18.87,7.27
6997,TR,202536,736,96.82,101.21,102.72,0.3,26.62,1333.9,13.35,7.25
6746,KZ,48503,1077,133.83,139.51,142.62,3.37,0.0,1886.1,18.87,7.09
7764,PK,17557,265,200.78,205.36,215.75,2.56,75.3,2844.9,28.47,7.05
7777,GR,15544,1080,122.86,124.65,126.53,1.76,0.0,1792.8,17.94,6.85
7613,PK,152605,1072,194.14,207.87,215.31,1.47,0.0,2837.0,28.39,6.84
7737,KZ,21299,1080,128.95,131.92,136.07,0.17,0.0,1884.4,18.86,6.84
7658,KZ,21299,1074,114.18,117.85,122.15,0.31,0.0,1768.4,17.7,6.45
7744,KZ,197556,1061,144.44,148.35,223.07,1.1,0.66,2293.3,22.95,6.29
6930,UA,42905,1074,99.11,99.84,100.73,0.2,0.0,1584.8,15.86,6.25
6829,UA,3326,1074,96.1,100.33,101.13,0.23,0.0,1543.9,15.45,6.22
6752,KZ,48503,1080,151.12,156.13,163.39,2.08,0.0,2447.7,24.49,6.17
6953,IN,16552,1074,198.0,201.89,218.45,3.06,0.0,3218.2,32.2,6.15
6954,IN,16552,1074,207.63,216.9,217.36,0.13,0.0,3402.3,34.05,6.1
6755,KZ,48503,1077,165.75,169.2,169.59,0.16,0.0,2776.1,27.78,5.97
7126,TH,137566,1074,370.7,371.6,373.95,0.83,0.0,6215.4,62.2,5.96
7369,KE,328977,1069,247.41,250.3,251.12,0.16,0.0,4240.6,42.43,5.83
6380,GH,30997,1080,326.79,327.5,328.7,0.35,0.0,5639.3,56.43,5.79
6745,KZ,48503,1080,158.12,161.73,164.89,0.66,0.0,2732.1,27.34,5.78
6414,UA,3236,1074,89.45,93.62,94.5,0.16,0.0,1553.7,15.55,5.75
7342,KG,61399,1071,155.63,161.7,192.58,2.16,0.46,2707.8,27.1,5.74
7294,TR,208972,1080,59.09,62.03,62.56,0.1,0.0,1039.2,10.4,5.68
6358,UG,328998,1076,233.42,233.74,234.33,0.2,0.0,4165.3,41.68,5.6
6730,KZ,48503,1077,160.94,166.91,169.78,4.44,0.0,2897.1,28.99,5.55
7670,NP,153566,1065,220.14,225.39,239.99,5.01,1.11,3980.0,39.83,5.53
7636,KZ,21299,1077,159.23,162.19,166.03,0.29,0.0,2902.9,29.05,5.48
6583,RU,20764,1080,121.65,121.8,122.03,0.15,0.0,2224.3,22.26,5.47
6841,GR,199399,1044,98.59,100.06,100.52,0.25,1.14,1803.3,18.05,5.46
7785,KG,207369,402,147.73,153.31,154.87,2.16,0.0,2708.0,27.1,5.45
7615,KZ,197556,1069,157.56,160.81,168.68,0.43,0.28,2895.7,28.98,5.44
7219,SG,37468,1077,389.73,390.3,401.05,2.21,0.19,7242.6,72.48,5.38
7734,KZ,9198,1074,155.13,155.73,156.76,0.15,0.0,2901.5,29.03,5.34
7735,KZ,9198,1073,145.39,150.64,190.45,2.14,0.0,2732.7,27.35,5.32
7674,IN,149251,1069,181.29,182.5,197.27,0.79,0.37,3408.7,34.11,5.31
6881,KZ,41798,1074,153.64,157.9,161.73,0.45,0.0,2901.7,29.04,5.29
6852,UA,41009,1077,87.76,92.99,93.84,0.12,0.0,1665.8,16.67,5.26
7655,KZ,197556,1080,145.46,153.07,154.35,0.71,0.0,2778.5,27.8,5.23
6757,KZ,48503,1080,163.49,166.93,167.95,1.22,0.0,3131.3,31.33,5.22
6758,KZ,48503,1077,170.69,175.0,175.93,0.32,0.0,3283.4,32.86,5.2
7639,KZ,21299,1080,144.44,147.93,151.93,0.26,0.0,2777.9,27.8,5.2
7752,IN,136308,1079,208.38,215.08,239.73,15.48,0.0,4024.9,40.28,5.17
7050,CM,328913,1027,258.16,261.36,262.33,0.29,0.1,5006.1,50.1,5.15
7418,UA,6768,1077,98.51,98.7,98.88,0.11,0.0,1914.0,19.15,5.14
6326,UA,13032,1077,97.77,98.38,99.06,0.24,0.0,1910.1,19.11,5.12
7743,KZ,197556,1074,139.9,143.84,148.3,0.55,0.0,2732.7,27.35,5.12
6417,RO,48112,1076,89.14,92.73,94.83,0.72,0.0,1764.3,17.66,5.05
7634,KE,207113,1077,207.84,212.29,255.64,3.25,0.0,4117.9,41.21,5.04
7532,DJ,30990,1076,137.62,139.72,161.83,1.17,0.09,2747.2,27.49,5.01
7531,DJ,30990,1075,137.51,139.59,159.52,1.04,0.09,2747.3,27.49,5.0
7606,UA,62206,1074,82.65,85.62,85.91,0.15,0.19,1650.9,16.52,5.0
7596,LK,38229,1077,242.71,242.92,248.86,0.21,0.0,4883.0,48.86,4.97
7140,RU,49675,1077,110.11,114.7,115.85,0.47,0.0,2219.6,22.21,4.96
7168,RU,201800,1077,108.46,112.85,113.87,0.27,0.0,2204.0,22.06,4.92
7405,IN,152533,1074,197.69,202.74,334.72,2.55,0.19,4011.3,40.14,4.92
7646,NL,216107,1079,171.55,178.19,179.06,0.16,0.09,3531.1,35.34,4.86
6893,BG,198127,1026,88.88,93.55,94.65,0.41,0.0,1831.0,18.32,4.85
6402,BG,31287,1080,92.11,94.02,94.78,0.19,0.0,1902.4,19.04,4.84
6526,RU,29114,1074,112.0,116.95,122.83,1.97,0.0,2318.6,23.2,4.83
7115,MV,7642,1076,224.7,227.7,229.86,0.35,0.0,4669.4,46.73,4.81
7277,IN,9829,1076,222.87,231.4,247.51,1.64,0.28,4627.3,46.31,4.81
7686,RO,57050,1074,84.81,85.39,86.02,0.48,0.0,1765.7,17.67,4.8
7481,TW,131151,1076,350.5,352.63,353.03,0.14,0.09,7332.3,73.37,4.78
7763,KR,209710,1068,341.35,358.37,366.17,1.35,0.56,7138.5,71.43,4.78
7362,ZA,328964,1071,335.3,344.11,360.75,9.16,0.28,7131.6,71.37,4.7
7675,KR,209710,1064,332.99,354.6,358.19,1.53,0.09,7117.1,71.22,4.68
6792,KR,20473,1077,332.16,350.26,350.57,0.14,0.0,7107.1,71.12,4.67
6844,UA,3326,1074,89.51,93.64,95.27,0.11,0.0,1916.8,19.18,4.67
7209,KZ,21282,1073,153.55,156.16,160.07,0.79,0.09,3283.6,32.86,4.67
6845,BG,198228,1077,77.49,77.75,78.03,0.17,0.0,1666.4,16.68,4.65
6896,BG,8866,1077,88.32,92.49,95.17,0.16,0.0,1909.1,19.1,4.62
7537,BG,45839,1080,87.72,93.62,95.09,3.97,0.0,1909.6,19.11,4.59
6335,RU,47764,1080,101.85,106.59,107.54,2.89,0.0,2223.9,22.25,4.58
7569,MD,60602,1073,79.48,80.53,82.74,0.1,0.28,1732.4,17.34,4.58
7165,RU,208398,1077,101.23,104.14,104.98,0.17,0.0,2213.5,22.15,4.57
7172,KR,31713,1073,326.0,326.18,343.89,0.58,0.09,7122.8,71.28,4.57
7595,LK,151197,1077,222.82,226.07,228.92,0.68,0.0,4884.5,48.88,4.56
7754,RO,56951,1074,93.53,98.26,101.24,0.34,0.56,2054.6,20.56,4.55
7207,MU,328699,1076,292.75,294.16,295.65,0.31,0.09,6439.1,64.44,4.54
7213,RS,13303,1077,92.78,93.04,93.44,0.15,0.0,2039.9,20.41,4.54
6882,KE,37578,1058,192.09,195.79,243.36,3.37,0.84,4242.3,42.45,4.52
6968,IN,14061,1076,191.22,196.79,197.76,0.25,0.0,4230.7,42.34,4.52
7150,TR,208972,1076,63.8,66.87,67.88,0.27,0.0,1418.3,14.19,4.5
6753,KZ,48503,1080,154.27,158.59,159.58,0.38,0.0,3436.8,34.39,4.49
7371,UA,210490,1074,97.45,97.71,98.18,0.13,0.0,2171.8,21.73,4.48
7351,RO,52023,1077,77.9,78.1,78.28,0.12,0.0,1764.5,17.66,4.41
6733,RU,8985,1077,97.72,103.05,103.86,0.2,0.0,2230.4,22.32,4.38
6429,TR,48292,1073,60.86,64.06,65.1,0.4,0.19,1396.5,13.97,4.36
7464,GR,51392,1076,78.26,79.32,81.39,0.08,0.0,1801.5,18.03,4.34
7269,IN,45117,1076,191.97,196.19,197.12,0.3,0.0,4435.6,44.39,4.32
6905,TH,59238,1076,264.22,289.1,295.13,1.2,0.0,6122.0,61.26,4.31
7066,RU,49558,1080,103.42,107.76,114.91,0.32,0.0,2399.4,24.01,4.31
7401,TZ,327844,1077,206.01,207.39,208.13,0.21,0.0,4813.4,48.17,4.28
7239,AO,37468,1071,254.73,255.95,257.99,0.26,0.28,5965.7,59.7,4.27
7373,TR,205961,1050,60.17,63.08,64.69,0.34,0.47,1406.8,14.08,4.27
7622,PH,141013,1075,338.41,344.52,406.76,18.22,0.09,7927.3,79.33,4.27
7629,NG,328585,1074,189.92,197.57,218.38,7.03,0.09,4446.7,44.5,4.27
6641,KR,202422,1074,299.98,301.62,323.4,1.1,0.0,7111.2,71.16,4.22
6741,GR,56457,1077,76.41,77.47,78.49,0.09,0.0,1807.7,18.09,4.22
6662,TR,202422,1077,59.63,62.68,64.36,0.17,0.0,1418.2,14.19,4.2
7526,MU,327821,1075,270.71,276.81,289.69,1.02,0.19,6438.0,64.42,4.2
7751,TR,25145,1450,58.69,63.33,68.58,5.49,0.28,1396.3,13.97,4.2
6676,SG,24482,1074,301.03,310.21,310.71,0.15,0.0,7261.0,72.66,4.14
6818,TW,31713,1076,302.86,342.86,344.68,0.99,0.0,7331.7,73.37,4.13
7722,TW,63900,1014,301.4,306.45,323.84,5.32,0.0,7301.4,73.06,4.13
6872,RU,43317,1077,115.79,116.07,116.31,0.27,0.0,2806.6,28.08,4.12
6918,SG,63949,1077,295.41,307.25,307.87,0.85,0.0,7258.1,72.63,4.07
7180,RU,208398,1074,114.17,114.5,114.72,0.15,0.0,2806.4,28.08,4.07
6878,BY,56740,1076,93.87,94.99,97.15,0.13,0.09,2341.5,23.43,4.01
7485,TW,204844,1077,294.01,298.52,310.02,4.54,0.0,7330.3,73.35,4.01
7560,JP,45679,1071,317.9,322.6,408.19,1.84,0.28,7937.3,79.43,4.0
6425,JP,2497,1080,326.72,330.89,337.15,5.41,0.0,8199.1,82.05,3.98
6538,RU,49673,1074,143.15,148.73,153.66,4.98,0.0,3606.4,36.09,3.97
7465,TR,3188,1075,59.83,62.8,64.46,0.12,0.19,1504.5,15.06,3.97
7731,LA,17804,1051,240.42,244.2,258.82,1.19,0.94,6055.5,60.6,3.97
7145,RO,41494,1080,69.72,70.87,71.89,0.12,0.0,1765.5,17.67,3.95
7564,JP,2523,1077,313.49,313.72,314.14,0.12,0.0,7939.8,79.45,3.95
7713,RO,211281,1003,69.53,70.64,72.7,0.17,3.74,1765.6,17.67,3.94
6453,RO,60149,1080,71.48,74.59,81.14,4.66,0.0,1818.9,18.2,3.93
7280,GR,211186,1077,74.95,77.85,78.11,0.06,0.0,1920.0,19.21,3.9
7653,NG,328585,1076,186.13,191.73,198.62,0.88,0.09,4763.3,47.67,3.9
7677,GR,199081,1074,73.86,74.06,74.26,0.14,0.0,1893.8,18.95,3.9
7400,VN,7552,1079,263.73,280.57,367.18,34.95,0.09,6860.9,68.66,3.84
7621,PH,141013,975,337.75,344.79,401.53,2.59,6.7,8786.0,87.92,3.84
6330,FI,203296,1077,114.28,118.43,120.06,0.17,0.0,2992.9,29.95,3.82
7262,AU,1221,1077,406.94,416.74,417.06,0.22,0.0,10643.6,106.51,3.82
7080,JP,31713,1074,312.94,317.0,322.17,0.19,0.0,8205.4,82.11,3.81
7234,RU,51724,1060,143.52,147.73,155.04,1.99,0.75,3778.1,37.81,3.8
7605,LK,38229,1078,186.21,190.46,190.95,0.21,0.09,4893.5,48.97,3.8
6324,LT,25406,1077,101.39,102.55,108.82,0.63,0.0,2687.4,26.89,3.77
7249,PL,41931,1074,93.35,93.61,93.8,0.19,0.0,2484.1,24.86,3.76
7689,JP,38649,1067,306.94,314.15,318.89,1.08,0.47,8189.9,81.96,3.75
7236,RO,44024,1077,75.86,80.31,81.24,0.34,0.0,2025.6,20.27,3.74
6370,JP,59105,1079,306.2,313.18,314.76,1.2,0.0,8199.6,82.05,3.73
7558,JP,59105,1024,295.13,299.74,300.93,0.48,3.99,7936.4,79.42,3.72
6942,LT,16125,1074,99.81,102.39,103.32,0.28,0.0,2687.3,26.89,3.71
7107,LT,15440,1080,92.66,95.0,95.21,0.12,0.0,2496.3,24.98,3.71
7563,JP,45679,1073,303.4,307.91,310.0,0.49,0.0,8184.6,81.9,3.7
7700,BG,60447,1077,70.51,73.6,91.95,18.32,0.0,1902.4,19.04,3.7
6455,JP,20473,1076,303.24,307.36,309.08,0.17,0.0,8207.4,82.13,3.69
7030,CN,23961,1050,251.25,253.59,295.74,3.4,0.85,6827.8,68.32,3.68
7524,TW,1659,974,266.63,268.99,271.85,0.9,5.44,7298.9,73.04,3.65
6366,BA,8670,1074,84.52,88.95,94.1,3.82,0.0,2327.0,23.29,3.63
7378,TR,213301,1077,51.41,54.4,55.54,0.16,0.0,1418.3,14.19,3.62
7433,JP,63806,1072,297.83,302.56,309.45,0.89,0.0,8214.5,82.2,3.62
6718,VN,24173,1074,247.84,248.19,254.5,0.29,0.0,6859.9,68.65,3.61
7557,JP,63771,1076,295.87,301.08,306.61,0.95,0.0,8197.9,82.04,3.61
7533,TW,1659,1077,265.88,269.83,270.79,1.16,0.0,7395.3,74.0,3.59
7039,JP,142616,1080,294.09,307.11,308.6,6.48,0.0,8208.0,82.14,3.58
7488,CN,138997,1074,244.92,245.2,256.87,0.14,0.0,6829.0,68.34,3.58
6974,JP,55569,1077,293.6,304.57,304.79,0.2,0.0,8210.1,82.16,3.57
6982,CN,16552,1077,243.58,247.8,258.75,0.21,0.0,6827.4,68.32,3.57
7408,IT,39120,1075,91.35,91.77,92.32,0.3,0.09,2560.2,25.62,3.57
7170,LT,15419,1077,88.86,90.0,94.1,1.1,0.0,2503.9,25.06,3.55
7783,TW,131630,579,258.62,258.95,290.13,0.37,0.0,7292.1,72.97,3.54
7547,AU,18390,1068,375.52,390.54,395.73,13.59,0.19,10639.7,106.47,3.53
7679,RU,44050,1070,98.96,108.41,109.65,0.42,0.09,2803.4,28.05,3.53
7492,TW,38254,1074,257.78,270.4,271.26,8.88,0.0,7330.3,73.35,3.51
7623,NG,36940,1073,185.05,185.31,185.45,0.12,0.37,5273.4,52.77,3.51
6897,BG,8866,1077,66.66,70.82,72.4,0.17,0.0,1904.3,19.06,3.5
7431,PL,204841,1074,86.43,87.18,87.9,0.39,0.28,2469.5,24.71,3.5
7110,IT,21034,1080,92.19,92.95,93.48,0.17,0.0,2639.8,26.42,3.49
7753,ZA,209179,1077,248.77,254.81,255.09,0.11,0.0,7131.6,71.37,3.49
7587,ZA,2018,1077,246.59,248.22,249.31,1.52,0.0,7087.6,70.93,3.48
7483,TW,9923,1068,254.49,255.45,289.77,2.2,0.37,7332.2,73.37,3.47
7486,TW,18041,1074,254.43,255.57,289.47,0.33,0.0,7332.1,73.37,3.47
7663,JP,141682,1080,285.28,291.8,299.39,5.86,0.0,8205.6,82.11,3.47
7404,ZA,32437,1077,258.54,265.87,266.73,0.24,0.0,7458.9,74.64,3.46
7495,TW,131630,1055,253.99,255.16,291.01,0.41,0.0,7332.2,73.37,3.46
6995,TW,16552,1077,253.1,259.59,297.16,4.7,0.0,7331.6,73.37,3.45
7295,IT,34428,1077,93.57,97.8,98.63,0.43,0.0,2722.6,27.25,3.43
6631,JP,202422,1078,280.96,285.08,286.63,0.12,0.09,8209.4,82.15,3.42
7244,MK,34547,1074,70.12,73.05,73.37,0.11,0.0,2047.7,20.49,3.42
7245,BG,51430,1073,65.1,66.24,67.6,0.13,0.09,1903.9,19.05,3.42
7642,JP,49544,1076,281.29,284.13,284.95,0.17,0.09,8211.3,82.17,3.42
7455,PW,17893,1080,326.79,327.92,354.04,0.15,0.0,9572.1,95.79,3.41
7479,CN,31713,1080,233.26,295.44,309.77,0.41,0.0,6828.3,68.33,3.41
7776,ZA,37474,1078,241.53,251.21,253.35,9.39,0.09,7142.8,71.48,3.38
6883,RU,49505,1080,94.75,98.92,100.57,0.11,0.0,2806.5,28.08,3.37
7538,BG,42295,1076,64.44,67.46,67.93,0.16,0.19,1908.3,19.1,3.37
6569,ZA,42473,1071,239.54,274.4,275.93,32.29,0.28,7131.3,71.36,3.36
7782,ZA,37668,657,250.91,251.3,252.25,0.57,0.0,7465.9,74.71,3.36
7292,HK,32167,1077,229.27,232.94,235.93,1.44,0.0,6834.6,68.39,3.35
6935,ZA,35487,1074,238.21,239.28,241.39,0.13,0.0,7131.5,71.36,3.34
7447,PL,215467,1077,84.31,84.58,84.79,0.2,0.0,2535.0,25.37,3.32
7633,PH,147178,1038,291.68,301.47,347.71,2.39,1.24,8790.7,87.97,3.32
6580,JP,63834,1073,272.25,274.14,277.75,1.42,0.37,8209.8,82.15,3.31
6800,PL,16276,1077,83.96,88.2,89.1,0.14,0.0,2542.3,25.44,3.3
6779,ZA,31713,1074,234.74,240.59,264.35,23.75,0.0,7131.3,71.36,3.29
7032,PH,31713,1077,260.55,262.73,308.3,0.15,0.0,7904.9,79.1,3.29
6907,TW,131657,1063,241.04,242.34,242.77,0.22,0.84,7333.2,73.38,3.28
7662,US,141682,1080,330.06,336.85,341.96,4.01,0.0,10057.4,100.64,3.28
7007,MY,31713,1077,227.23,229.55,230.05,0.14,0.0,6940.8,69.46,3.27
7222,ZA,37468,1078,233.52,234.59,240.64,3.86,0.0,7131.6,71.37,3.27
6351,LV,24921,1077,89.29,93.51,94.8,0.24,0.0,2736.5,27.38,3.26
6923,US,140627,1080,327.66,332.83,333.92,0.19,0.0,10057.2,100.64,3.26
7640,MY,45839,1071,226.28,229.11,230.11,0.21,0.0,6940.5,69.45,3.26
7063,ZA,37153,1077,231.48,238.32,239.29,1.59,0.0,7110.4,71.15,3.25
6669,PL,202422,1077,81.73,86.06,87.31,0.26,0.0,2533.1,25.35,3.22
7318,PL,20555,1080,81.75,88.25,89.24,0.24,0.0,2537.9,25.4,3.22
6496,IT,59715,1080,85.76,86.52,88.23,0.21,0.0,2670.9,26.73,3.21
7552,FI,201172,1077,105.36,109.56,110.44,0.16,0.0,3277.0,32.79,3.21
7565,MY,140344,1067,223.32,227.48,229.1,0.17,0.09,6954.2,69.59,3.21
7576,MY,55720,1077,223.35,231.07,234.09,7.47,0.0,6952.7,69.58,3.21
6438,RS,51859,1080,70.3,74.44,76.61,0.15,0.0,2196.0,21.97,3.2
6993,ZA,16552,1080,228.62,234.59,245.75,10.35,0.0,7131.6,71.37,3.2
7727,PL,203662,1077,89.7,93.86,94.47,0.24,0.0,2799.8,28.02,3.2
7186,SG,208398,1080,231.6,234.61,250.63,0.94,0.0,7250.4,72.55,3.19
6722,EE,51349,1073,93.18,97.34,99.02,0.18,0.0,2930.4,29.32,3.18
6762,IT,41327,1077,86.2,89.06,91.17,0.14,0.0,2711.0,27.13,3.18
7610,EE,8240,1073,93.12,97.99,98.82,0.43,0.09,2929.9,29.32,3.18
6723,MN,45204,1074,165.21,169.45,175.29,1.76,0.0,5200.7,52.04,3.17
6624,RU,58067,1077,176.47,181.0,183.52,2.15,0.0,5583.9,55.88,3.16
7611,PH,150000,1068,279.15,324.47,336.6,10.62,0.84,8814.4,88.21,3.16
6323,PL,206186,1077,79.92,84.08,85.03,0.17,0.0,2534.8,25.37,3.15
6734,FI,24940,1078,94.65,97.04,97.85,0.21,0.0,3000.7,30.03,3.15
7247,SG,37989,1069,227.14,232.49,301.52,12.58,0.09,7247.1,72.52,3.13
7385,GU,152735,1080,315.59,319.59,320.64,0.13,0.0,10064.9,100.72,3.13
6568,SG,41095,1080,225.8,230.3,231.93,0.22,0.0,7251.2,72.56,3.11
6777,MZ,31713,1077,218.56,224.4,225.28,0.14,0.0,7021.3,70.26,3.11
6887,PH,135132,1071,262.66,268.25,274.62,6.1,0.0,8430.5,84.36,3.11
7745,SG,139225,1076,225.85,230.31,230.6,0.09,0.09,7257.0,72.62,3.11
7591,NO,29695,1080,121.59,121.81,122.06,0.16,0.0,3925.2,39.28,3.1
6815,EE,204671,1077,90.77,94.94,95.84,0.16,0.0,2932.8,29.35,3.09
7064,PL,50599,1074,83.68,87.89,88.15,0.12,0.0,2710.5,27.12,3.09
7305,SK,49798,1074,75.68,81.42,82.1,0.22,0.0,2450.6,24.52,3.09
7091,SG,38001,1077,223.46,227.61,228.34,0.28,0.0,7251.6,72.57,3.08
6475,RO,60149,1077,66.71,69.82,73.1,0.8,0.0,2174.5,21.76,3.07
7415,CH,214770,1078,96.99,106.26,111.32,4.23,0.0,3156.1,31.58,3.07
7765,SG,393448,1077,222.54,225.14,226.13,0.28,0.0,7251.4,72.56,3.07
6749,EE,8728,1077,89.55,90.7,92.68,0.17,0.0,2932.9,29.35,3.05
7443,HU,12303,1077,73.22,77.5,78.35,0.22,0.0,2400.6,24.02,3.05
6509,IT,31034,1077,86.15,86.3,86.45,0.1,0.0,2841.5,28.44,3.03
7028,SG,141235,1077,219.46,224.54,226.48,0.33,0.0,7250.1,72.55,3.02
7109,SE,8473,1077,95.91,98.79,99.61,0.21,0.0,3173.3,31.76,3.02
7398,IT,24796,1080,83.72,88.01,88.98,0.22,0.0,2774.4,27.76,3.02
7664,FI,1741,1071,99.54,104.81,106.46,0.54,0.28,3299.0,33.01,3.02
6594,SG,199610,1074,218.54,222.9,223.99,0.3,0.0,7251.5,72.56,3.01
6726,SG,16276,1077,218.82,223.74,224.28,0.23,0.0,7258.2,72.63,3.01
6970,SG,14061,1077,218.22,220.96,221.47,0.29,0.0,7242.4,72.47,3.01
7102,SG,55569,1080,218.06,225.92,228.15,7.64,0.0,7242.8,72.48,3.01
6477,SG,55002,1074,217.85,220.75,222.5,0.5,0.0,7251.3,72.56,3.0
6731,PL,8308,1080,75.83,80.01,80.9,0.11,0.0,2522.6,25.24,3.0
6506,SG,20473,1079,216.0,220.18,220.98,0.15,0.0,7241.9,72.47,2.98
7509,SG,14907,1073,216.46,219.53,220.45,0.32,0.0,7251.0,72.56,2.98
7181,IT,204471,1077,81.28,85.49,86.39,0.14,0.0,2730.7,27.33,2.97
7366,FI,60354,1077,88.93,93.41,95.03,0.4,0.0,2987.3,29.89,2.97
7448,FM,139759,1076,345.72,347.19,352.89,1.88,0.0,11668.5,116.77,2.96
7678,US,23352,1057,288.27,300.09,312.77,14.07,0.66,9723.1,97.3,2.96
7053,FI,57692,1077,88.35,92.49,93.33,0.1,0.0,2994.8,29.97,2.95
7272,SG,216444,1077,213.65,217.81,218.68,0.15,0.0,7242.3,72.47,2.95
7442,CZ,208906,1077,75.96,80.04,80.3,0.1,0.0,2576.0,25.78,2.95
7494,FI,6667,1070,88.4,93.07,93.91,0.47,0.09,2990.8,29.93,2.95
6812,DE,56357,1043,86.88,89.88,91.56,0.32,1.88,2949.0,29.51,2.94
6352,ES,13041,1077,106.55,106.75,107.52,0.17,0.0,3639.2,36.42,2.93
7327,PL,24577,1074,78.86,83.11,83.95,0.19,0.0,2685.2,26.87,2.93
6487,SG,36236,1074,212.09,219.91,224.18,7.87,0.0,7251.4,72.56,2.92
7698,PL,5617,1077,82.62,87.05,87.7,0.46,0.0,2836.6,28.39,2.91
7010,SG,31713,1074,210.75,219.16,221.09,1.64,0.0,7250.3,72.55,2.9
7166,SG,132337,1077,210.19,215.92,233.66,0.28,0.0,7250.3,72.55,2.9
7434,SE,215467,1080,92.38,93.53,95.68,0.12,0.0,3185.3,31.88,2.9
7467,ZA,37199,1074,238.27,239.14,279.66,6.81,0.09,8240.9,82.47,2.89
7705,SG,45494,1073,209.35,216.04,227.41,8.3,0.09,7251.1,72.56,2.89
6996,SG,16552,1074,208.95,213.19,316.59,0.29,0.0,7251.4,72.56,2.88
7090,RS,13004,1080,63.17,66.24,74.3,0.86,0.0,2192.0,21.94,2.88
7555,FI,39699,1077,87.96,92.12,93.74,0.1,0.0,3066.9,30.69,2.87
6763,IT,5602,1080,88.28,88.47,88.8,0.12,0.0,3081.9,30.84,2.86
7370,AT,40980,1074,74.99,79.28,80.14,0.3,0.0,2624.5,26.26,2.86
7190,NL,208398,1074,100.59,104.8,105.6,0.15,0.28,3531.1,35.34,2.85
6956,PL,28785,1079,84.5,88.66,89.51,0.12,0.0,2972.9,29.75,2.84
7271,ID,142360,1077,237.99,238.63,240.66,1.09,0.0,8411.3,84.17,2.83
7300,FI,199087,1077,94.47,98.76,100.43,0.26,0.0,3333.9,33.36,2.83
7329,FI,49282,1080,90.54,94.75,96.43,0.2,0.0,3206.1,32.08,2.82
6658,FI,20904,1077,96.37,100.53,101.35,0.12,0.0,3426.2,34.29,2.81
7182,AT,34785,1076,76.13,79.01,80.16,0.46,0.0,2709.6,27.11,2.81
6372,DE,680,1071,82.47,82.81,83.61,0.24,0.28,2945.1,29.47,2.8
7284,ID,45701,1077,225.26,229.48,231.08,0.12,0.0,8052.5,80.58,2.8
7352,ID,140443,1061,226.55,227.62,243.86,0.16,0.75,8080.1,80.86,2.8
6521,ID,133802,1069,228.11,234.08,235.58,0.58,0.56,8162.5,81.68,2.79
6251,FI,719,1080,87.59,92.31,93.88,0.49,0.0,3144.4,31.47,2.78
7130,SE,210422,1077,89.8,94.08,95.1,0.26,0.0,3230.9,32.33,2.78
7216,AT,35492,1077,72.72,76.88,77.73,0.15,0.0,2615.1,26.17,2.78
7386,SE,57630,1074,96.26,100.37,101.21,0.08,0.0,3459.7,34.62,2.78
7761,ID,63515,1075,223.68,225.54,232.07,0.35,0.09,8052.5,80.58,2.78
6329,IT,42473,1077,84.77,85.07,85.53,0.17,0.0,3063.0,30.65,2.77
6450,IT,35574,1077,76.95,81.45,87.05,1.08,0.0,2776.9,27.79,2.77
6681,ID,133800,1069,222.84,224.64,233.29,0.45,0.19,8050.4,80.56,2.77
7092,SG,23947,1077,200.68,204.15,204.42,0.08,0.0,7251.5,72.57,2.77
7225,AT,29287,1077,72.52,75.8,76.65,0.24,0.0,2618.8,26.21,2.77
7540,ZA,213481,1077,228.84,229.23,241.01,0.26,0.0,8251.4,82.57,2.77
7690,DE,200297,1076,83.34,83.66,84.1,0.25,0.0,3002.9,30.05,2.77
7702,DE,680,1077,80.76,84.92,85.77,0.13,0.0,2908.3,29.1,2.77
7733,AT,47692,1074,72.37,75.36,76.2,0.22,0.0,2614.3,26.16,2.77
7040,AT,3320,1015,72.29,76.44,77.27,0.17,2.87,2613.2,26.15,2.76
7044,FR,50903,1077,90.84,91.56,91.7,0.07,0.0,3286.6,32.89,2.76
7100,FI,39484,1076,86.56,90.73,91.62,0.14,0.0,3138.0,31.4,2.76
7189,SE,12552,1074,88.13,92.32,93.23,0.16,0.0,3189.9,31.92,2.76
7397,AT,44133,1077,72.26,75.5,76.44,0.32,0.0,2614.9,26.17,2.76
7573,ID,64300,1077,222.08,224.99,226.31,0.11,0.0,8054.0,80.6,2.76
7781,ZA,37663,757,227.75,228.09,245.73,0.24,0.0,8244.7,82.5,2.76
7183,AT,207143,1077,71.69,72.55,74.53,0.24,0.0,2614.8,26.17,2.74
7290,ID,45701,1071,244.64,248.87,250.52,0.2,0.28,8929.4,89.36,2.74
7423,ID,153112,1073,220.57,224.15,226.45,0.29,0.0,8052.3,80.58,2.74
6325,AT,48943,1074,71.51,75.7,77.35,0.21,0.0,2616.2,26.18,2.73
7574,AT,51184,1077,71.5,75.69,77.31,0.14,0.0,2615.4,26.17,2.73
6346,DE,680,1077,84.03,88.22,89.85,0.17,0.0,3088.1,30.9,2.72
6680,CZ,39790,1077,76.78,77.07,77.36,0.21,0.0,2820.3,28.22,2.72
7441,ID,141640,1072,219.13,223.29,225.91,2.34,0.0,8050.1,80.56,2.72
7487,SE,200675,1074,97.78,101.96,103.54,0.14,0.0,3594.4,35.97,2.72
6332,DE,24940,1077,82.24,82.48,85.81,0.18,0.0,3031.2,30.33,2.71
6693,DE,24940,1077,82.26,82.74,84.61,0.42,0.0,3031.0,30.33,2.71
6714,DK,51468,1077,87.09,87.36,87.56,0.2,0.0,3217.4,32.2,2.71
7325,AU,1221,1080,358.65,368.15,369.03,0.28,0.0,13240.9,132.5,2.71
7680,IT,59829,1074,78.73,79.83,81.91,0.13,0.0,2902.3,29.04,2.71
7755,HR,139331,1023,69.4,72.51,74.83,0.41,0.0,2563.5,25.65,2.71
7008,AT,30971,1077,70.6,71.34,71.84,0.17,0.0,2615.2,26.17,2.7
7275,ID,45725,1080,217.73,221.22,224.65,0.73,0.0,8053.9,80.6,2.7
7484,AT,215120,1074,70.72,74.84,76.47,0.09,0.0,2614.8,26.17,2.7
7696,SK,31117,1077,69.24,73.41,74.31,0.13,0.0,2560.6,25.62,2.7
7760,ID,4622,1070,217.75,220.61,221.59,0.92,0.28,8052.5,80.58,2.7
6788,CZ,2852,1077,70.97,75.18,75.49,0.18,0.0,2640.6,26.42,2.69
7409,FI,13170,1080,88.63,93.97,94.85,0.19,0.0,3297.6,33.0,2.69
7612,SE,205966,1074,85.37,86.57,88.67,0.2,0.0,3173.7,31.76,2.69
6824,DE,42699,1080,78.01,80.86,81.7,0.14,0.0,2908.0,29.1,2.68
7274,TR,43391,1077,40.3,44.2,49.91,1.25,0.0,1501.0,15.02,2.68
7324,IM,201898,1068,111.59,112.08,112.61,0.24,0.09,4182.8,41.86,2.67
7551,SL,209049,1066,174.87,177.86,178.4,0.14,0.19,6535.7,65.4,2.67
6858,DE,680,1080,88.06,90.99,92.12,0.28,0.0,3304.8,33.07,2.66
7545,ID,149697,1066,228.72,231.68,235.5,0.23,0.47,8589.8,85.96,2.66
6439,RS,55002,1077,58.17,62.34,63.26,0.17,0.0,2196.3,21.98,2.65
7013,AT,30971,1050,75.23,77.6,77.84,0.18,2.23,2839.1,28.41,2.65
7344,CH,6730,1074,86.45,87.19,87.95,0.41,0.28,3260.1,32.62,2.65
7535,CZ,43037,1077,74.34,78.72,79.69,0.21,0.0,2801.5,28.03,2.65
7543,CZ,43037,1080,74.59,78.86,79.78,0.22,0.0,2812.9,28.15,2.65
7703,ES,198731,1077,94.2,94.37,97.27,0.11,0.0,3549.2,35.52,2.65
6959,AT,34347,1077,77.45,81.61,83.28,0.19,0.0,2935.1,29.37,2.64
7307,BR,264479,1074,269.77,274.55,275.46,1.2,0.0,10192.3,101.99,2.64
7429,AU,4826,1074,353.66,357.91,358.89,0.19,0.0,13386.8,133.96,2.64
6327,HR,2108,1077,67.38,68.5,70.69,0.23,0.0,2563.8,25.66,2.63
6936,RU,57578,1074,188.27,196.64,203.53,3.09,0.0,7156.4,71.61,2.63
7037,SE,20473,1077,83.74,87.93,89.55,0.09,0.0,3186.8,31.89,2.63
6751,DE,62310,1077,78.25,78.51,78.86,0.21,0.0,2990.0,29.92,2.62
6842,DE,29670,1077,78.93,79.22,79.62,0.23,0.0,3005.9,30.08,2.62
6331,DE,6724,1080,78.25,78.47,79.29,0.17,0.0,3000.1,30.02,2.61
6360,AT,39878,1077,74.13,78.48,79.39,0.48,0.0,2837.6,28.4,2.61
6424,IT,50178,991,76.55,79.52,81.66,0.32,5.26,2928.3,29.3,2.61
7463,ZA,328266,1077,215.72,218.57,220.72,1.54,0.19,8244.7,82.5,2.61
7738,IT,60943,1074,74.7,75.84,76.89,0.11,0.0,2861.2,28.63,2.61
7739,IT,60943,1074,74.69,75.79,77.11,0.11,0.0,2861.2,28.63,2.61
7746,ZA,328365,1080,215.64,219.85,220.21,0.17,0.0,8251.1,82.57,2.61
6547,CZ,202297,1077,73.37,77.61,78.47,0.15,0.0,2815.3,28.17,2.6
6589,DE,34800,1072,87.88,106.74,142.4,13.74,0.09,3372.1,33.74,2.6
7062,ZA,37153,1067,214.32,220.75,241.16,6.63,0.56,8244.3,82.5,2.6
7588,TV,23917,1077,379.0,382.11,382.66,0.27,0.0,14545.0,145.55,2.6
7084,SE,1257,1077,83.23,87.43,87.69,0.17,0.0,3216.9,32.19,2.59
7459,SE,57630,1080,82.4,86.55,87.4,0.09,0.0,3181.2,31.83,2.59
7096,DE,47295,1080,74.11,78.42,80.22,0.16,0.0,2874.7,28.77,2.58
7328,ZA,329276,1068,212.79,216.0,263.43,2.42,0.09,8243.0,82.49,2.58
6490,CH,559,1077,84.12,84.32,84.93,0.13,0.0,3267.8,32.7,2.57
6787,DE,9136,1074,81.11,81.48,83.13,0.33,0.0,3153.6,31.56,2.57
7026,CH,57777,1075,81.13,84.17,86.16,0.23,0.0,3159.0,31.61,2.57
7462,ZA,37105,1072,212.0,214.93,216.37,0.15,0.28,8244.7,82.5,2.57
7502,AT,1764,1077,67.21,71.62,72.64,0.39,0.0,2614.8,26.17,2.57
7539,PL,35179,1071,69.63,73.79,74.73,0.11,0.28,2705.5,27.07,2.57
6675,IT,201333,1077,77.39,77.65,78.04,0.16,0.0,3026.4,30.29,2.56
7250,SE,51430,1074,81.44,85.65,87.23,0.17,0.0,3173.2,31.75,2.56
7326,AU,1221,1074,347.58,392.17,392.73,0.28,0.0,13543.4,135.53,2.56
7767,AU,63956,1077,339.11,341.58,349.98,0.24,0.0,13223.1,132.32,2.56
6838,DE,680,1077,77.47,77.78,78.4,0.22,0.0,3033.7,30.36,2.55
7024,CZ,6881,1078,71.54,74.56,95.66,0.86,0.0,2817.8,28.2,2.54
7197,CH,13030,1073,78.43,82.58,84.22,0.15,0.09,3088.0,30.9,2.54
7421,CZ,50338,1074,71.76,72.9,73.83,0.13,0.0,2819.9,28.22,2.54
7501,DE,8893,1074,82.5,82.78,83.04,0.27,0.0,3246.4,32.49,2.54
6809,CZ,24971,1080,66.86,71.08,71.96,0.14,0.0,2639.1,26.41,2.53
7428,AU,4826,1074,335.05,339.24,340.18,0.2,0.0,13222.6,132.32,2.53
6541,SI,42207,1073,67.62,68.75,70.86,0.19,0.0,2682.5,26.84,2.52
7440,IT,16004,1071,77.47,79.53,84.41,2.13,0.09,3073.9,30.76,2.52
6686,AT,21013,1077,69.78,73.96,74.64,0.18,0.0,2777.3,27.79,2.51
6687,ES,39069,1080,99.82,104.06,105.38,0.26,0.0,3967.6,39.7,2.51
6767,IT,41364,1077,80.23,80.46,80.76,0.15,0.0,3189.6,31.92,2.51
6851,SE,197564,1080,79.64,83.81,85.46,0.16,0.0,3171.0,31.73,2.51
6861,SI,2107,1080,67.51,68.61,70.76,0.19,0.0,2683.9,26.86,2.51
7002,SE,42708,866,79.48,83.67,84.76,0.16,9.89,3174.2,31.76,2.5
7171,NO,35132,1077,96.38,100.53,101.43,0.08,0.0,3855.9,38.59,2.5
6636,AU,199610,1077,337.24,339.14,352.02,1.89,0.0,13548.1,135.58,2.49
6827,AT,1111,1074,67.64,70.66,71.93,0.28,0.0,2713.5,27.15,2.49
6849,AU,4608,1076,333.6,336.53,337.8,0.25,0.09,13386.9,133.96,2.49
7136,FR,1942,1074,83.39,84.56,103.6,0.34,0.0,3344.6,33.47,2.49
7314,AT,5404,1074,70.71,73.07,73.21,0.1,0.0,2839.1,28.41,2.49
7600,NL,61029,1077,87.79,88.04,88.24,0.15,0.28,3525.8,35.28,2.49
6674,GB,39617,1079,97.34,100.0,104.54,1.66,0.09,3921.7,39.24,2.48
6891,BR,271354,1064,276.3,279.01,299.08,1.48,1.12,11122.8,111.31,2.48
7322,IT,8816,1077,76.3,76.98,77.56,0.35,0.0,3072.2,30.74,2.48
7085,IT,49088,1077,72.45,75.33,75.71,0.13,0.0,2929.1,29.31,2.47
7544,SI,198524,1077,66.26,69.44,70.04,0.22,0.0,2680.5,26.82,2.47
7584,IT,20836,1077,76.31,76.52,76.75,0.2,0.0,3081.8,30.84,2.47
6349,BR,2716,1061,303.44,306.89,310.8,1.71,1.39,12344.1,123.53,2.46
6558,DE,25220,1074,79.0,82.0,82.86,0.27,0.0,3208.0,32.1,2.46
7200,GB,60841,1077,94.71,155.84,161.95,1.06,0.0,3841.7,38.44,2.46
6727,AU,16276,1074,331.91,355.1,355.66,23.0,0.28,13548.1,135.58,2.45
6764,AU,138466,1076,331.71,335.92,337.82,0.4,0.0,13548.3,135.58,2.45
7018,NC,45345,1073,350.02,351.05,359.93,0.61,0.0,14304.7,143.15,2.45
7131,CH,13030,1072,77.05,81.24,82.86,0.12,0.0,3145.0,31.47,2.45
7695,DE,30742,1080,80.9,81.61,82.11,0.35,0.0,3302.5,33.05,2.45
7022,DE,200567,1080,79.54,83.75,85.41,0.26,0.0,3252.7,32.55,2.44
7113,BR,52863,1075,282.7,286.98,312.17,3.83,0.09,11594.9,116.03,2.44
7201,NL,60841,1075,86.74,167.38,173.2,5.68,0.09,3547.6,35.5,2.44
7536,ES,197712,1074,88.88,89.16,105.68,12.73,0.28,3634.3,36.37,2.44
7711,GB,214480,1077,98.07,99.94,100.41,1.58,0.0,4016.5,40.19,2.44
6447,DE,35065,1074,73.04,77.27,78.19,0.15,0.0,3008.9,30.11,2.43
6618,CH,8758,1077,75.12,75.37,75.89,0.22,0.0,3088.3,30.9,2.43
6834,CH,58299,1074,76.54,79.47,79.97,0.11,0.0,3145.0,31.47,2.43
6874,FR,20965,1074,88.54,88.79,89.44,0.15,0.0,3639.0,36.42,2.43
7766,AU,63956,1080,328.96,331.36,337.96,0.23,0.0,13546.8,135.56,2.43
6426,DK,59795,1077,77.92,82.33,83.57,0.49,0.0,3216.8,32.19,2.42
7127,SE,8473,1074,77.04,81.26,81.58,0.21,0.0,3175.8,31.78,2.42
7432,AU,4826,1074,257.9,262.05,263.66,0.1,0.0,10645.6,106.53,2.42
7693,NL,203860,1080,85.11,86.57,86.77,0.15,0.0,3507.5,35.1,2.42
6451,GB,55002,1077,93.5,93.8,94.47,0.24,0.0,3884.5,38.87,2.41
6937,BE,2611,1072,84.06,84.64,85.2,0.26,0.0,3507.2,35.1,2.4
7282,FR,15826,1077,88.27,88.88,89.17,0.26,0.0,3679.2,36.82,2.4
7476,AT,1120,1080,62.85,66.27,67.47,0.51,0.0,2616.1,26.18,2.4
7603,NO,60163,1074,91.79,94.71,95.6,0.25,0.0,3824.9,38.28,2.4
6544,CZ,39392,1074,67.43,71.65,72.2,0.21,0.0,2817.7,28.2,2.39
6635,BE,39923,1077,83.66,87.88,88.83,0.18,0.0,3503.8,35.06,2.39
7211,CZ,25248,1077,67.66,71.85,72.34,0.17,0.0,2825.2,28.27,2.39
6387,DE,21473,1077,76.72,80.89,82.69,0.3,0.0,3215.5,32.18,2.38
7083,AT,31510,1074,69.92,71.28,72.81,0.25,0.0,2939.8,29.42,2.38
7519,NL,202585,1080,81.08,81.64,82.33,0.32,0.0,3401.2,34.04,2.38
6810,CZ,2852,1080,66.87,70.99,72.65,0.14,0.0,2825.4,28.27,2.37
7086,ES,15699,1077,97.3,98.66,111.74,0.23,0.0,4105.2,41.08,2.37
7129,CZ,29134,1074,66.67,70.81,72.44,0.12,0.0,2815.0,28.17,2.37
6435,IT,35574,1079,72.74,76.86,77.72,0.15,0.09,3076.1,30.78,2.36
6929,AU,38880,1073,312.68,313.78,315.95,0.11,0.37,13250.4,132.6,2.36
7156,DE,50030,1077,70.87,75.46,77.48,0.56,0.0,2996.2,29.98,2.36
7372,CH,6730,1074,74.43,74.66,74.91,0.18,0.0,3155.1,31.57,2.36
7729,AR,61496,1073,315.43,316.6,316.88,0.19,0.0,13370.3,133.8,2.36
6441,SE,60396,1077,74.45,78.67,80.29,0.21,0.0,3169.2,31.71,2.35
6533,CH,2613,1077,77.16,80.38,81.05,0.37,0.0,3287.7,32.9,2.35
6577,CZ,28725,1077,66.35,70.5,72.13,0.09,0.0,2827.2,28.29,2.35
6663,IT,202422,1077,72.37,74.32,76.36,0.18,0.0,3077.6,30.8,2.35
7075,DE,3320,1073,70.38,71.81,330.04,0.82,0.09,2995.4,29.97,2.35
7223,CZ,25192,1080,66.45,70.63,72.32,0.16,0.0,2820.5,28.23,2.35
7450,FR,62000,1080,78.99,79.72,80.3,0.17,0.0,3365.1,33.67,2.35
7208,DE,9022,1077,75.26,75.51,75.71,0.17,0.0,3213.2,32.15,2.34
7319,AT,205687,1077,66.65,70.89,71.87,0.23,0.0,2841.1,28.43,2.34
6630,NL,42093,1073,79.23,79.5,80.11,0.28,0.28,3398.4,34.01,2.33
6873,FR,2200,1077,96.46,102.41,115.35,0.75,0.0,4138.4,41.41,2.33
7293,FR,211997,1075,78.26,79.41,100.58,0.25,0.0,3351.9,33.54,2.33
7333,AU,18390,1077,315.74,320.5,321.36,0.13,0.0,13548.2,135.58,2.33
7354,DE,204989,1076,78.46,82.92,83.77,0.39,0.0,3362.4,33.65,2.33
6334,AT,1853,1077,60.73,63.7,65.8,0.17,0.0,2615.1,26.17,2.32
6476,AT,48362,1077,71.34,75.54,77.21,0.22,0.0,3074.3,30.76,2.32
7125,GB,33920,1077,92.39,92.64,92.93,0.19,0.0,3985.5,39.88,2.32
7195,DE,15456,1077,68.59,71.65,73.58,0.55,0.0,2952.7,29.55,2.32
7780,CH,51907,849,73.28,73.81,74.3,0.39,0.0,3154.0,31.56,2.32
6348,NL,3333,1074,81.46,85.73,87.11,1.24,0.0,3531.3,35.34,2.31
6413,DE,34549,1074,74.06,78.25,79.19,0.15,0.0,3208.9,32.11,2.31
6545,DK,39642,1077,77.98,82.16,83.8,0.12,0.0,3366.1,33.68,2.31
6977,BR,16552,1074,267.6,285.77,289.91,2.21,0.19,11592.2,116.0,2.31
7048,FR,210403,1074,77.45,81.71,82.69,0.22,0.09,3357.3,33.6,2.31
7542,AR,27976,1077,307.12,308.53,320.23,0.11,0.0,13293.9,133.03,2.31
6507,DE,48821,1077,77.49,77.84,78.18,0.22,0.0,3366.7,33.69,2.3
6609,GB,45014,1077,89.7,89.87,90.36,0.2,0.0,3905.5,39.08,2.3
6868,NO,207788,1080,81.57,85.75,87.43,0.19,0.0,3540.4,35.43,2.3
6892,GB,31655,1074,92.63,92.86,93.18,0.14,0.0,4029.1,40.32,2.3
7101,BE,2611,1077,81.14,81.73,82.47,0.48,0.0,3532.2,35.35,2.3
7137,CH,15576,1074,72.59,72.94,73.16,0.2,0.0,3159.0,31.61,2.3
7406,NO,62371,1077,81.04,84.72,85.57,0.22,0.0,3514.9,35.17,2.3
7413,DE,20676,1077,73.96,74.24,74.53,0.27,0.0,3214.6,32.17,2.3
7598,FR,34659,1074,83.51,83.82,84.19,0.25,0.0,3635.4,36.38,2.3
6307,NL,3333,1080,80.96,85.18,89.9,0.53,0.0,3531.4,35.34,2.29
6410,BR,22548,1077,266.1,277.47,279.51,0.51,0.0,11595.7,116.04,2.29
6540,CH,206484,1077,73.93,74.37,74.73,0.32,0.0,3229.6,32.32,2.29
6633,AR,263777,1075,303.09,305.37,306.11,0.38,0.19,13197.8,132.07,2.29
6999,DE,15451,1074,69.25,70.55,329.67,1.81,0.0,3026.2,30.28,2.29
7593,IT,51333,1074,70.59,71.73,73.83,0.12,0.0,3081.8,30.84,2.29
7758,CH,205678,1077,72.32,76.54,77.42,0.12,0.0,3155.4,31.58,2.29
6790,BR,57695,1065,265.31,265.66,266.05,0.2,1.11,11583.5,115.91,2.29
6503,AU,20473,1059,309.19,312.06,315.87,0.23,1.67,13547.7,135.57,2.28
6659,BR,202422,1074,264.98,265.25,265.46,0.19,0.0,11594.8,116.03,2.28
6963,CZ,206548,1074,64.29,68.4,69.29,0.07,0.0,2815.8,28.18,2.28
6980,ES,16552,1077,94.21,94.75,100.33,5.71,0.0,4125.5,41.28,2.28
7387,NL,215085,1077,78.15,78.35,78.57,0.12,0.0,3426.7,34.29,2.28
7393,ES,56958,1080,94.23,97.2,97.43,0.13,0.0,4130.5,41.33,2.28
7419,DK,39839,1077,73.49,77.65,79.27,0.09,0.0,3216.9,32.19,2.28
7477,NL,49784,1074,78.13,81.87,82.61,0.1,0.0,3426.7,34.29,2.28
7604,FR,57119,1077,82.77,82.97,83.15,0.1,0.0,3634.7,36.37,2.28
7773,DK,196827,1080,73.15,77.27,78.91,0.11,0.0,3204.0,32.06,2.28
6316,IT,12779,1080,72.4,73.53,75.63,0.31,0.0,3189.6,31.92,2.27
6567,NL,1140,1077,78.51,82.83,83.79,0.27,0.0,3449.5,34.52,2.27
6602,BR,36236,1077,263.64,263.93,264.35,0.19,0.0,11595.6,116.04,2.27
6660,AU,202422,1078,308.13,309.39,323.94,0.17,0.09,13548.4,135.58,2.27
6830,FR,2486,1074,82.54,82.7,83.54,0.14,0.0,3632.4,36.35,2.27
6857,DE,8763,1076,72.74,76.96,78.63,0.23,0.09,3208.3,32.1,2.27
6976,AU,16552,1078,308.11,310.97,312.07,0.49,0.0,13548.3,135.58,2.27
7019,BR,53046,1077,272.37,272.65,274.09,0.22,0.0,11968.9,119.77,2.27
7073,CH,202032,1074,70.36,74.76,76.07,0.32,0.0,3098.7,31.01,2.27
7258,CH,207143,1077,71.3,75.47,76.32,0.13,0.0,3140.0,31.42,2.27
7493,PT,214213,1940,104.98,109.25,110.92,0.27,0.0,4628.6,46.32,2.27
7521,DE,215120,1080,67.82,70.64,71.76,0.11,0.0,2981.2,29.83,2.27
7567,DE,20676,1080,76.4,76.59,76.78,0.13,0.0,3366.5,33.69,2.27
7708,BR,401612,1076,263.4,264.18,265.19,0.3,0.28,11583.5,115.92,2.27
7772,AU,153836,1073,307.19,308.24,316.75,0.11,0.28,13537.5,135.47,2.27
6350,SE,39351,1074,71.87,76.04,76.91,0.14,0.0,3173.4,31.76,2.26
6520,CH,198385,1074,74.43,75.5,77.09,0.12,0.0,3284.6,32.87,2.26
6657,GB,20596,1074,86.98,87.17,87.54,0.14,0.0,3845.5,38.48,2.26
7460,UY,28000,1070,294.37,297.44,298.94,0.39,0.28,13009.0,130.18,2.26
7151,DE,8879,1080,73.93,76.78,77.72,0.26,0.0,3278.6,32.81,2.25
7069,DE,50629,1077,74.86,75.01,76.0,0.12,0.0,3342.9,33.45,2.24
7323,AU,4826,1077,303.6,307.8,309.38,0.21,0.0,13547.6,135.57,2.24
7414,AR,11815,764,298.17,298.85,302.67,1.44,0.26,13292.5,133.02,2.24
6543,CH,58057,1074,71.05,72.22,74.31,0.21,0.0,3181.7,31.84,2.23
6750,DE,8767,1077,65.98,70.29,71.87,0.2,0.0,2952.5,29.55,2.23
7078,AU,31713,1074,302.43,310.8,312.4,2.06,0.0,13548.2,135.58,2.23
7147,UY,6057,1080,290.47,290.75,302.29,1.44,0.0,12991.4,130.0,2.23
7376,CH,205747,1077,73.13,77.37,78.47,0.25,0.0,3280.4,32.83,2.23
7439,NO,39029,1074,78.85,83.09,84.78,0.26,0.0,3537.5,35.4,2.23
7701,AU,140967,1077,302.66,307.04,308.78,0.47,0.0,13548.2,135.58,2.23
6317,CH,559,1080,70.09,74.29,75.55,0.27,0.0,3155.3,31.58,2.22
6427,AU,4764,1074,301.5,306.01,306.93,0.4,0.0,13547.7,135.57,2.22
6511,NL,34612,1080,77.48,78.6,79.49,0.13,0.0,3482.5,34.85,2.22
6813,DE,202040,1077,71.01,72.07,74.2,0.16,0.0,3201.5,32.04,2.22
6900,DE,48328,1077,65.45,69.59,71.22,0.12,0.0,2949.4,29.51,2.22
7508,BR,14907,1076,257.72,275.4,276.31,2.71,0.09,11589.9,115.98,2.22
6328,PT,62416,1077,102.23,106.76,117.61,10.24,0.0,4628.2,46.31,2.21
6390,CH,20612,1076,69.9,74.08,74.96,0.15,0.0,3155.2,31.57,2.21
7111,NZ,24324,1077,348.7,352.29,352.68,3.46,0.0,15767.1,157.78,2.21
7548,NZ,132255,1077,346.19,350.5,351.52,0.2,0.0,15663.4,156.74,2.21
7750,DE,207252,1077,74.27,74.55,74.72,0.12,0.0,3357.7,33.6,2.21
7756,NL,213052,837,76.55,79.17,80.12,0.23,0.0,3453.8,34.56,2.21
7099,AR,28109,1075,300.91,301.32,303.0,0.24,0.19,13688.3,136.98,2.2
7561,AU,152590,1077,298.39,299.49,301.61,0.21,0.0,13548.4,135.58,2.2
7583,DE,207160,1080,74.03,74.41,74.73,0.22,0.0,3369.6,33.72,2.2
7617,AR,61510,1074,325.33,327.89,332.85,5.43,0.0,14797.1,148.07,2.2
6522,CA,1403,1075,197.09,197.4,198.33,0.78,0.09,8980.3,89.87,2.19
6717,FR,39180,1074,74.79,78.98,79.95,0.19,0.0,3410.2,34.13,2.19
6940,DE,63949,1080,70.4,70.6,70.84,0.16,0.0,3214.5,32.17,2.19
7304,DE,29505,1077,70.58,71.7,72.54,0.12,0.0,3222.4,32.25,2.19
7377,GB,202359,1076,87.4,88.9,115.8,1.62,0.0,3985.3,39.88,2.19
7412,DE,8391,1077,73.26,77.45,78.3,0.17,0.0,3340.1,33.42,2.19
6320,FR,198985,1076,83.62,84.76,86.9,0.19,0.09,3834.7,38.37,2.18
6342,NL,203993,1071,75.22,76.42,78.33,0.27,0.0,3455.6,34.58,2.18
6443,FR,16347,1077,73.07,77.31,80.12,0.65,0.0,3357.3,33.6,2.18
7339,NL,39521,1077,77.13,77.3,77.44,0.09,0.0,3542.9,35.45,2.18
7359,GB,201115,1074,84.58,86.36,87.23,0.11,0.0,3885.4,38.88,2.18
7437,DE,210752,1077,69.99,70.16,70.41,0.1,0.0,3215.3,32.18,2.18
7446,NL,24875,1044,77.01,77.19,77.33,0.08,3.06,3527.7,35.3,2.18
7454,NL,50917,1076,77.04,77.21,77.35,0.08,0.09,3534.7,35.37,2.18
6512,GB,28792,1077,85.45,85.68,86.17,0.18,0.0,3931.7,39.34,2.17
6513,FR,62000,1077,79.05,79.79,81.59,0.23,0.0,3645.3,36.48,2.17
6736,FR,209097,1080,74.32,78.48,80.12,0.16,0.0,3424.7,34.27,2.17
7054,DE,12931,1077,65.93,70.16,71.05,0.16,0.0,3033.2,30.35,2.17
7320,FR,56987,1074,73.95,78.06,79.68,0.1,0.0,3412.9,34.15,2.17
7505,AR,4270,1074,286.02,287.99,289.72,0.17,0.0,13183.4,131.93,2.17
7512,FR,8839,1077,70.31,71.37,72.08,0.08,0.0,3236.3,32.39,2.17
7581,CH,29222,1077,72.03,73.22,75.21,0.17,0.0,3318.6,33.21,2.17
7647,PT,212073,1070,100.58,101.74,103.94,0.28,0.47,4627.5,46.31,2.17
6632,NL,1103,1077,76.89,81.08,82.04,0.2,0.0,3561.7,35.64,2.16
6952,DK,3292,1080,72.67,76.85,77.78,0.17,0.0,3358.7,33.61,2.16
7000,FR,197422,1077,79.65,80.79,85.09,0.4,0.0,3681.0,36.84,2.16
7478,DE,206549,1077,63.87,68.5,69.43,0.47,0.0,2951.1,29.53,2.16
7507,FR,61136,1077,69.82,73.95,74.79,0.13,0.0,3236.4,32.39,2.16
7649,ES,6750,1080,89.4,90.55,92.62,0.19,0.0,4134.9,41.38,2.16
7661,GB,209735,1077,87.03,88.15,90.56,0.23,0.0,4025.1,40.28,2.16
6604,ES,15954,1074,88.99,90.18,94.05,0.26,0.0,4135.1,41.38,2.15
6668,ES,202422,1074,88.79,93.0,94.24,0.19,0.0,4124.0,41.27,2.15
6803,NZ,138398,1077,337.25,338.4,345.21,0.31,0.0,15665.9,156.77,2.15
6826,DE,42184,1074,72.38,76.62,77.52,0.17,0.0,3363.7,33.66,2.15
6879,GB,5607,1077,82.79,86.98,87.93,0.15,0.0,3840.5,38.43,2.15
7254,GB,142594,1077,85.15,85.28,85.41,0.07,0.0,3962.5,39.65,2.15
7287,NL,51430,1079,75.02,76.14,76.81,0.15,0.0,3483.2,34.86,2.15
7316,NZ,61138,1077,337.39,338.58,345.23,0.14,0.0,15665.3,156.76,2.15
7392,NZ,64073,1074,337.79,339.32,357.19,2.68,0.0,15665.7,156.77,2.15
7774,DE,215685,1037,72.12,76.35,77.31,0.21,0.38,3359.4,33.62,2.15
6885,CH,15600,1073,69.21,74.46,78.09,0.61,0.09,3226.4,32.29,2.14
7017,ES,42612,1077,88.28,89.49,91.56,0.22,0.0,4130.1,41.33,2.14
7143,CH,39040,1074,67.67,71.83,73.45,0.18,0.0,3158.9,31.61,2.14
7403,DE,62371,1080,68.75,71.85,73.55,0.25,0.0,3205.0,32.07,2.14
7511,DE,12731,1077,69.54,70.82,72.3,0.17,0.0,3246.4,32.49,2.14
7616,NL,1101,1077,75.47,79.62,80.51,0.09,0.0,3527.8,35.3,2.14
7656,CH,29222,1077,71.14,74.51,76.53,0.6,0.0,3324.9,33.27,2.14
6382,GB,5607,1080,82.63,84.38,85.26,0.2,0.0,3881.5,38.84,2.13
6396,DE,5539,1074,63.02,67.19,68.1,0.19,0.0,2955.4,29.57,2.13
6516,GB,201126,1076,81.97,83.12,84.59,0.16,0.0,3848.0,38.51,2.13
6780,CH,34927,1066,66.99,71.39,72.24,0.29,0.19,3144.8,31.47,2.13
6904,NZ,38064,1080,333.94,344.25,354.05,18.42,0.0,15665.9,156.77,2.13
7117,DE,59645,1077,72.02,73.8,74.59,0.13,0.0,3372.3,33.75,2.13
7135,NL,41887,1074,75.7,78.7,79.65,0.18,0.0,3555.3,35.58,2.13
7152,DE,12437,1074,71.12,71.81,346.86,2.19,0.0,3339.0,33.41,2.13
6494,FR,204092,1077,83.24,87.64,89.42,0.33,0.0,3920.7,39.23,2.12
6581,DE,197540,1074,64.24,68.4,68.69,0.15,0.0,3026.1,30.28,2.12
6854,CH,62371,1076,67.01,68.46,68.89,0.16,0.0,3155.9,31.58,2.12
7036,DE,12306,1080,68.36,70.14,71.06,0.22,0.0,3215.3,32.18,2.12
7081,GB,5459,1077,81.39,82.49,84.51,0.13,0.0,3840.4,38.43,2.12
7098,NZ,133075,1077,333.08,335.49,339.88,0.25,0.0,15666.2,156.77,2.12
7578,AR,52376,1061,292.55,297.78,525.1,1.07,0.66,13784.4,137.94,2.12
7627,NL,216333,1080,73.3,74.69,76.79,0.15,0.0,3457.3,34.6,2.12
7726,NZ,133950,1076,332.45,334.9,343.48,0.42,0.0,15665.4,156.76,2.12
6393,TT,264811,1075,225.64,233.07,238.85,5.47,0.0,10680.3,106.88,2.11
6576,DE,60316,1074,70.51,74.74,75.69,0.16,0.0,3342.3,33.45,2.11
6877,NL,208725,1080,75.05,79.19,80.08,0.1,0.0,3549.6,35.52,2.11
6926,ES,48386,1077,87.23,90.01,92.11,0.13,0.0,4130.0,41.33,2.11
7012,DE,13101,1074,69.02,73.23,80.82,0.26,0.0,3275.9,32.78,2.11
7363,US,174,1074,242.14,247.64,249.36,4.09,0.0,11447.4,114.55,2.11
7482,IT,6517,1065,65.33,68.23,74.64,0.32,0.84,3087.3,30.89,2.11
6761,DE,553,1077,66.96,71.16,72.83,0.22,0.0,3193.7,31.96,2.1
6768,LU,200129,1080,70.79,71.89,72.45,0.09,0.0,3376.0,33.78,2.1
6960,FR,29152,1074,76.28,79.25,81.33,0.15,0.0,3635.4,36.38,2.1
7021,GB,206062,1077,83.06,84.31,86.46,0.25,0.0,3945.6,39.48,2.1
7411,NL,207994,1070,72.56,75.93,77.69,0.15,0.56,3457.3,34.6,2.1
7601,FR,50858,1074,76.57,77.71,79.78,0.16,0.0,3635.6,36.38,2.1
6499,GB,201126,1074,81.65,82.91,84.93,0.17,0.0,3912.7,39.15,2.09
6626,NL,31673,1077,73.77,74.86,76.98,0.12,0.0,3525.8,35.28,2.09
6865,BE,212882,1077,73.72,75.4,77.54,0.19,0.0,3520.6,35.23,2.09
6880,DE,35258,1077,67.81,72.01,73.67,0.17,0.0,3249.9,32.52,2.09
7586,BO,27839,1074,270.19,270.55,303.78,30.82,0.28,12924.6,129.34,2.09
7651,DE,47526,1080,63.08,67.31,68.99,0.17,0.0,3017.4,30.19,2.09
6799,DE,197540,1080,62.92,67.12,68.81,0.18,0.0,3026.2,30.28,2.08
6941,DE,199938,1074,67.63,71.81,73.46,0.19,0.19,3246.9,32.49,2.08
7071,FR,21409,1074,73.36,77.62,78.44,0.16,0.0,3518.9,35.21,2.08
7473,CH,25164,1073,65.6,70.34,71.68,0.57,0.19,3156.6,31.59,2.08
6374,NL,43350,1079,73.22,76.14,77.66,0.29,0.09,3541.7,35.44,2.07
6728,FR,34019,1077,75.2,80.32,80.8,0.15,0.0,3630.5,36.33,2.07
6922,DE,39835,1077,65.8,69.94,70.21,0.1,0.0,3175.1,31.77,2.07
7034,DE,39702,1077,65.59,69.84,70.49,0.22,0.0,3170.6,31.73,2.07
7210,IE,42953,1077,91.61,92.98,94.04,0.22,0.0,4428.3,44.31,2.07
7231,NL,200232,1080,72.75,77.0,78.02,0.25,0.0,3516.1,35.19,2.07
7456,NL,59795,1079,73.39,74.65,75.14,0.14,0.0,3546.9,35.49,2.07
7784,FR,199297,495,81.11,81.31,81.49,0.12,0.0,3920.0,39.23,2.07
6515,GB,201126,1077,79.15,80.32,81.86,0.15,0.0,3848.0,38.51,2.06
6535,DE,209915,1074,69.44,70.15,71.09,0.12,0.0,3371.5,33.74,2.06
6548,DE,12374,1074,64.79,69.04,136.44,0.36,0.09,3139.8,31.42,2.06
6789,DE,44973,1077,63.54,67.72,69.34,0.14,0.0,3083.3,30.85,2.06
7489,DE,12897,1077,66.09,68.66,69.05,0.33,0.0,3207.8,32.1,2.06
7771,DE,62336,1077,66.88,71.15,72.74,0.3,0.0,3249.3,32.52,2.06
6965,IE,1213,1077,88.11,89.21,91.3,0.16,0.0,4294.1,42.97,2.05
7067,FR,203596,1073,74.48,75.6,77.68,0.16,0.09,3635.4,36.38,2.05
7174,GB,48070,1074,79.8,82.61,83.53,0.16,0.0,3885.5,38.88,2.05
7221,US,7752,1077,217.53,223.32,223.64,5.69,0.0,10593.6,106.01,2.05
7383,FR,48732,1078,76.9,78.01,78.88,0.08,0.09,3742.2,37.45,2.05
7033,LU,9008,1080,68.75,71.69,73.27,0.13,0.0,3369.4,33.72,2.04
7490,NL,49544,1074,72.52,76.69,77.65,0.14,0.0,3549.8,35.52,2.04
7522,NL,44949,1077,72.37,75.19,75.38,0.07,0.0,3538.6,35.41,2.04
7590,BE,8368,1077,71.82,76.04,77.65,0.12,0.0,3522.3,35.25,2.04
7666,GB,399728,1074,78.33,79.49,81.66,0.22,0.0,3840.5,38.43,2.04
7769,NL,26954,1077,72.1,73.23,75.32,0.18,0.0,3534.7,35.37,2.04
6446,GB,36236,234,78.43,79.47,80.25,0.21,0.0,3847.6,38.5,2.04
6432,DE,34878,1080,64.89,69.05,70.66,0.17,0.0,3201.5,32.04,2.03
6571,LU,200129,1076,68.56,69.65,70.96,0.08,0.0,3375.9,33.78,2.03
6683,DE,553,1077,63.82,68.02,69.67,0.22,0.0,3144.9,31.47,2.03
6948,GB,207841,1065,78.31,80.29,115.28,0.21,0.47,3845.6,38.48,2.03
7004,DE,34936,1077,68.38,72.7,74.55,0.4,0.0,3372.3,33.75,2.03
7399,LU,2602,1077,68.68,73.29,74.45,0.46,0.0,3387.3,33.9,2.03
7444,NL,8283,1073,71.58,75.76,76.04,0.19,0.0,3528.8,35.31,2.03
7458,LU,57965,1077,68.77,73.01,73.93,0.17,0.0,3384.0,33.86,2.03
7683,NL,38915,1074,69.36,73.55,74.4,0.19,0.0,3419.1,34.21,2.03
7779,NL,8283,1065,71.67,76.0,76.44,0.2,1.11,3534.7,35.37,2.03
7052,US,23483,1077,229.9,230.44,233.86,0.12,0.0,11361.5,113.69,2.02
7317,DE,398485,1077,64.93,67.43,67.68,0.18,0.0,3214.7,32.17,2.02
7445,NL,215605,1074,71.4,75.73,76.66,0.23,0.0,3534.7,35.37,2.02
7725,DE,174,1074,64.78,65.88,66.33,0.09,0.0,3208.3,32.11,2.02
7762,DE,205520,1077,64.69,65.8,67.87,0.12,0.0,3208.1,32.1,2.02
6336,DE,2857,1077,65.15,68.07,69.78,0.15,0.0,3239.2,32.41,2.01
6932,NL,1200,1080,71.05,71.32,72.28,0.23,0.0,3527.7,35.3,2.01
7076,NL,12876,1074,71.41,75.65,76.56,0.17,0.0,3547.5,35.5,2.01
7139,NL,41887,1077,71.13,74.07,74.8,0.1,0.0,3535.1,35.38,2.01
7265,DE,200187,1077,64.76,65.84,66.53,0.14,0.0,3215.2,32.17,2.01
7635,DE,47536,1077,64.8,68.97,69.89,0.16,0.0,3218.2,32.2,2.01
7681,DE,52112,1074,67.9,72.1,73.56,1.03,0.0,3372.0,33.74,2.01
6775,CA,394256,1038,208.4,209.49,210.71,0.11,0.0,10421.4,104.29,2.0
6863,NL,12414,1075,69.84,74.09,74.66,0.18,0.19,3483.9,34.86,2.0
6890,CA,62563,1074,208.15,209.33,210.43,0.27,0.0,10421.6,104.29,2.0
7042,FR,24776,1080,72.82,75.78,77.73,0.17,0.0,3633.8,36.36,2.0
7577,CA,396993,1080,209.02,210.19,212.13,0.21,0.0,10422.5,104.3,2.0
7580,EC,23246,1077,263.36,263.65,265.74,0.29,0.0,13134.6,131.44,2.0
7688,DE,197540,1080,60.75,64.87,65.76,0.1,0.0,3031.1,30.33,2.0
7740,FR,2094,1028,72.73,77.24,86.72,0.17,0.29,3625.0,36.27,2.0
6552,GB,201971,1077,77.93,82.15,83.09,0.17,0.0,3909.1,39.12,1.99
6740,IS,1850,1078,105.15,109.36,115.91,0.22,0.09,5282.7,52.86,1.99
6911,CH,198249,1080,62.76,67.05,67.98,0.15,0.0,3157.4,31.6,1.99
7025,NL,58057,1077,69.38,72.81,74.03,0.3,0.0,3483.4,34.86,1.99
7220,NL,200995,1077,69.27,73.65,74.01,0.23,0.0,3474.1,34.77,1.99
6695,GB,786,1080,76.93,81.05,81.48,0.16,0.0,3883.0,38.86,1.98
7003,NL,39637,1074,68.39,73.57,77.59,1.54,0.0,3452.5,34.55,1.98
7031,NL,45009,1076,70.01,76.39,76.97,0.35,0.0,3528.8,35.31,1.98
7630,VE,21826,1076,217.61,219.8,226.33,0.18,0.0,10969.3,109.77,1.98
6385,DE,21473,1074,63.08,67.3,68.06,0.21,0.0,3205.7,32.08,1.97
6866,NL,12414,1077,68.08,72.3,73.97,0.22,0.0,3455.6,34.58,1.97
7005,BE,204059,1077,69.44,73.87,74.9,0.34,0.0,3527.2,35.3,1.97
7350,GB,212027,1080,78.28,82.49,84.08,0.23,0.0,3962.4,39.65,1.97
7468,VE,273843,1071,221.76,222.9,223.49,0.11,0.0,11233.7,112.42,1.97
7643,US,397376,1077,208.81,211.83,213.48,0.21,0.0,10578.9,105.86,1.97
7049,VE,265641,1073,213.73,216.93,217.86,2.2,0.09,10871.2,108.79,1.96
7302,NL,61349,1074,69.39,73.57,74.38,0.14,0.0,3542.5,35.45,1.96
7530,VE,272951,1080,222.56,228.22,229.86,1.53,0.0,11365.6,113.73,1.96
7626,GB,47272,1077,78.86,83.11,83.98,0.16,0.0,4027.3,40.3,1.96
7747,CL,28120,1074,278.22,283.74,284.03,4.3,0.0,14155.0,141.65,1.96
6485,CL,64112,1069,276.71,278.09,280.14,0.4,0.19,14154.4,141.64,1.95
6514,NL,24586,1077,69.14,73.39,78.88,0.32,0.0,3547.5,35.5,1.95
6647,GB,199610,1074,76.06,80.32,81.15,0.34,0.0,3906.5,39.09,1.95
6679,DE,8319,1077,61.53,65.76,67.39,0.2,0.0,3157.7,31.6,1.95
6801,CL,36236,1077,276.56,276.85,277.98,0.29,0.0,14159.1,141.69,1.95
7384,NL,12859,1077,67.83,71.97,73.6,0.12,0.0,3474.0,34.76,1.95
7499,US,13925,1077,205.66,209.83,210.68,0.17,0.0,10552.0,105.59,1.95
7637,LU,41273,1074,66.12,69.14,69.45,0.14,0.0,3384.8,33.87,1.95
6434,US,20473,1080,206.17,215.14,216.07,0.3,0.0,10593.4,106.01,1.94
6493,CA,852,1077,201.82,206.03,207.67,0.24,0.0,10421.7,104.29,1.94
6553,CL,42473,1076,275.11,278.09,303.46,0.45,0.09,14199.8,142.1,1.94
6817,FR,12876,1077,70.36,74.57,75.42,0.14,0.0,3629.4,36.32,1.94
6921,FR,203476,1077,70.48,74.63,75.5,0.15,0.0,3635.6,36.38,1.94
6945,GB,16552,1077,75.45,79.61,81.23,0.16,0.0,3884.5,38.87,1.94
6984,NL,16552,1080,68.36,72.5,72.81,0.14,0.0,3526.6,35.29,1.94
7169,DE,39063,1077,62.36,65.46,66.45,0.33,0.0,3208.2,32.1,1.94
7388,VE,273890,1080,216.08,232.71,232.98,0.18,0.0,11123.1,111.31,1.94
7470,US,3842,1074,205.35,207.13,213.38,2.24,0.0,10593.6,106.01,1.94
7497,FR,5436,1077,70.47,74.69,75.52,0.13,0.0,3629.9,36.32,1.94
7676,FR,200259,1074,70.69,71.54,71.79,0.13,0.0,3637.4,36.4,1.94
7699,DE,207252,1076,65.39,69.52,70.35,0.12,0.09,3372.1,33.74,1.94
6363,FR,29169,1077,70.12,74.31,75.16,0.16,0.0,3635.4,36.38,1.93
6559,GB,199188,1077,75.06,80.14,82.19,0.22,0.0,3884.6,38.87,1.93
6564,FR,20473,1077,70.19,74.31,75.14,0.11,0.0,3633.7,36.36,1.93
7146,FR,29075,1077,70.16,74.49,75.34,0.19,0.0,3631.3,36.34,1.93
6550,DE,15817,1074,63.32,67.56,68.51,0.23,0.0,3289.8,32.92,1.92
6554,CL,27678,1065,272.21,275.25,301.23,1.46,1.31,14159.7,141.7,1.92
6562,GB,20473,1077,73.79,77.92,78.8,0.1,0.0,3845.4,38.48,1.92
6655,NL,60781,1074,68.02,72.12,72.96,0.09,0.0,3547.6,35.5,1.92
6846,FR,8426,1077,70.01,71.35,72.83,0.4,0.0,3635.5,36.38,1.92
7068,DE,204035,1074,64.81,69.12,69.45,0.17,0.0,3372.2,33.75,1.92
7367,CL,64112,1066,278.44,279.79,281.92,0.5,0.19,14498.7,145.09,1.92
7435,DE,30766,1074,61.58,65.9,66.75,0.13,0.0,3204.2,32.06,1.92
7671,FR,8399,1073,70.12,74.22,75.07,0.08,0.09,3641.5,36.44,1.92
7742,NL,204539,1074,67.75,67.98,68.21,0.13,0.0,3534.7,35.37,1.92
6534,DE,200462,1077,61.33,65.49,66.32,0.25,0.0,3212.1,32.14,1.91
6724,DE,3320,1025,61.39,65.51,66.38,0.13,1.82,3212.1,32.14,1.91
6784,DE,3491,1077,61.46,65.63,65.97,0.2,0.0,3210.6,32.13,1.91
7006,DE,34953,1076,65.17,69.34,71.02,0.19,0.0,3405.6,34.08,1.91
7011,US,917,1074,202.35,206.6,207.62,0.26,0.0,10593.6,106.01,1.91
7261,NL,14907,1074,67.71,72.12,73.75,0.28,0.0,3547.4,35.5,1.91
7491,DE,214138,1071,61.5,65.66,66.59,0.2,0.56,3210.1,32.12,1.91
7527,EC,264744,1076,248.63,249.76,251.85,0.26,0.0,13000.4,130.09,1.91
7631,VE,21826,1079,213.28,214.54,220.71,0.11,0.0,11131.9,111.4,1.91
7715,US,11878,1075,202.77,208.49,210.41,0.49,0.19,10592.5,106.0,1.91
6407,US,55002,1077,201.06,205.24,206.87,0.18,0.0,10592.5,106.0,1.9
6488,EC,61468,1071,244.72,246.25,255.27,1.61,0.28,12869.2,128.78,1.9
6563,NL,20473,1077,67.36,71.52,73.15,0.15,0.0,3547.5,35.5,1.9
6670,GB,202422,1080,73.05,77.26,78.11,0.14,0.0,3841.0,38.44,1.9
7043,US,395823,1077,201.65,206.03,207.75,0.39,0.0,10593.5,106.01,1.9
7124,CL,52511,1077,268.74,269.05,270.1,0.2,0.0,14159.0,141.69,1.9
7188,NL,59642,1074,66.94,71.17,72.77,0.2,0.0,3526.9,35.29,1.9
7202,FR,44788,1074,69.23,73.35,74.97,0.13,0.0,3631.8,36.34,1.9
7554,DE,208976,1077,61.21,65.4,65.72,0.16,0.0,3219.5,32.22,1.9
7602,NL,41960,1080,67.17,71.37,72.99,0.16,0.0,3535.4,35.38,1.9
7141,DE,29423,1074,60.74,64.9,66.58,0.2,0.09,3218.1,32.2,1.89
7396,NL,3257,1077,66.91,71.09,72.76,0.17,0.0,3537.8,35.4,1.89
7553,VE,269730,1071,211.67,215.97,216.33,0.19,0.09,11208.3,112.16,1.89
7625,GB,215262,1071,76.03,77.79,78.64,1.07,0.0,4025.3,40.28,1.89
7685,DE,44656,1077,60.74,64.87,65.7,0.11,0.0,3215.1,32.17,1.89
7594,VE,21826,1053,215.16,216.25,223.04,0.11,0.0,11365.2,113.73,1.89
6333,FR,20766,1074,68.36,72.55,74.21,0.22,0.0,3632.4,36.35,1.88
6666,FR,202422,1077,68.36,72.57,74.22,0.15,0.0,3634.0,36.37,1.88
6715,DE,16276,1074,61.33,65.54,67.15,0.14,0.0,3261.8,32.64,1.88
6737,BE,39923,1077,66.16,70.44,71.33,0.16,0.0,3519.6,35.22,1.88
6794,US,46997,1077,199.21,201.92,203.34,0.16,0.0,10605.7,106.13,1.88
6971,GB,14061,1077,72.99,77.27,78.16,0.25,0.0,3883.7,38.86,1.88
6981,FR,16552,1080,68.3,72.54,74.24,0.2,0.0,3635.3,36.38,1.88
7035,DE,24961,1080,63.54,67.71,69.32,0.16,0.0,3372.2,33.75,1.88
7163,PE,272894,1075,251.38,251.63,252.44,0.22,0.0,13349.1,133.58,1.88
7480,US,20001,1077,225.29,225.58,227.55,0.2,0.0,11987.4,119.96,1.88
7570,CO,273103,1074,228.9,241.59,244.07,2.47,0.0,12152.0,121.6,1.88
7654,DE,20292,1080,60.22,64.49,66.1,0.23,0.0,3208.2,32.1,1.88
7723,DE,34854,1080,60.55,64.68,66.3,0.12,0.0,3219.6,32.22,1.88
6561,DE,20473,1077,60.17,64.32,65.95,0.13,0.0,3208.1,32.1,1.87
6696,FR,16276,1080,68.77,73.1,73.99,0.15,0.0,3683.3,36.86,1.87
6979,DE,16552,1077,60.1,64.28,65.93,0.16,0.0,3208.2,32.1,1.87
7157,US,53698,1080,216.11,219.9,220.92,0.42,0.0,11555.9,115.64,1.87
7184,DE,208398,1074,60.18,102.59,104.31,2.89,0.0,3211.9,32.14,1.87
7196,DE,24840,1077,60.23,64.45,66.08,0.2,0.0,3215.1,32.17,1.87
7308,CL,20015,1073,265.08,268.07,268.81,0.19,0.0,14159.8,141.7,1.87
7618,DE,214895,1074,60.34,64.53,66.19,0.2,0.0,3218.4,32.21,1.87
7724,DE,1299,1080,60.0,64.22,65.82,0.12,0.0,3208.3,32.11,1.87
6313,DE,203329,1077,60.05,64.18,65.82,0.16,0.0,3218.3,32.21,1.86
7659,CO,271927,1075,222.67,227.31,232.07,3.83,0.09,11983.2,119.91,1.86
6364,DO,265721,1077,199.23,203.46,206.3,0.58,0.0,10742.1,107.5,1.85
6738,GB,58057,1074,71.11,72.3,74.41,0.18,0.09,3847.7,38.5,1.85
7390,DO,273867,1073,199.61,204.62,205.51,0.15,0.09,10782.1,107.9,1.85
7694,CO,269907,1075,230.47,235.46,236.53,0.23,0.0,12470.5,124.79,1.85
7716,US,11878,1074,216.3,220.57,221.48,0.11,0.0,11702.6,117.11,1.85
7775,US,2497,1080,216.95,222.28,224.59,0.26,0.0,11705.7,117.14,1.85
6870,NL,15693,1077,64.96,69.19,70.06,0.21,0.0,3526.6,35.29,1.84
6969,NL,14061,1077,64.81,69.96,70.46,0.26,0.0,3526.7,35.29,1.84
7227,US,35008,1077,215.53,228.62,229.73,0.7,0.0,11692.0,117.0,1.84
6634,US,5006,1074,183.68,184.01,184.85,0.25,0.0,10016.0,100.23,1.83
6898,US,398960,1074,214.6,219.33,221.3,0.36,0.28,11691.9,117.0,1.83
7233,MX,4493,456,225.24,227.46,231.77,3.21,8.8,12295.2,123.04,1.83
7402,DE,60767,1077,58.61,62.95,65.31,0.3,0.0,3208.3,32.11,1.83
7614,US,49544,1074,219.83,225.2,226.17,0.09,0.0,12002.0,120.1,1.83
7652,EC,273034,1076,240.5,243.07,244.82,0.4,0.0,13102.4,131.11,1.83
6398,MX,22894,1077,221.63,230.12,231.54,2.92,0.28,12164.2,121.73,1.82
6661,NL,202422,941,64.17,69.76,235.99,13.05,6.37,3528.3,35.31,1.82
7097,DE,56381,1077,58.34,62.51,63.38,0.12,0.0,3208.7,32.11,1.82
7134,FR,48813,1074,66.23,70.35,71.23,0.08,0.0,3633.9,36.36,1.82
7226,LU,49703,1079,61.37,65.56,66.45,0.12,0.0,3376.2,33.78,1.82
7128,CA,399580,1074,177.21,180.13,180.77,0.12,0.0,9781.7,97.88,1.81
7500,VE,269829,1077,208.24,222.4,222.81,11.32,0.0,11510.1,115.18,1.81
7541,CR,263779,1074,227.87,234.3,235.73,0.32,0.0,12548.3,125.57,1.81
7609,PE,7195,1077,245.23,248.11,270.38,0.14,0.0,13568.3,135.78,1.81
7672,US,400848,1074,164.6,165.89,168.07,0.4,0.0,9065.8,90.72,1.81
7717,US,397270,1070,211.23,218.33,220.53,0.25,0.19,11692.0,117.0,1.81
6411,US,55002,1074,210.46,215.97,216.92,0.16,0.0,11714.9,117.23,1.8
6482,US,7247,1077,210.92,217.86,219.66,0.2,0.0,11692.2,117.0,1.8
6546,DO,264605,1077,194.35,200.48,201.35,0.16,0.0,10771.3,107.79,1.8
6599,US,20473,1077,211.21,212.64,219.2,4.34,0.0,11706.6,117.15,1.8
6692,US,5006,1020,204.0,204.28,204.7,0.23,0.0,11325.0,113.33,1.8
6833,US,62538,1074,210.23,218.73,220.49,0.4,0.0,11692.2,117.0,1.8
6836,US,58057,1072,211.09,218.18,220.01,0.27,0.19,11692.0,117.0,1.8
7452,US,16,1077,209.8,211.83,212.32,0.18,0.0,11653.4,116.61,1.8
7660,NL,215318,1077,63.58,65.92,68.68,0.18,0.0,3534.6,35.37,1.8
7718,DE,215760,1077,58.08,62.42,65.92,0.82,0.0,3218.4,32.21,1.8
6832,US,208590,1072,209.74,217.87,220.42,0.16,0.56,11692.2,117.0,1.79
7106,DO,265695,1072,192.84,198.89,199.42,0.14,0.19,10782.2,107.9,1.79
7759,US,21623,1076,216.76,225.09,225.99,3.28,0.0,12069.9,120.78,1.79
6389,US,36444,1077,174.28,174.55,175.32,0.23,0.0,9761.4,97.68,1.78
6601,DE,58057,1074,57.22,61.39,62.46,0.26,0.0,3208.9,32.11,1.78
6967,DE,14061,1077,57.0,61.22,62.12,0.22,0.0,3208.2,32.1,1.78
6992,US,16552,1077,208.85,213.11,214.8,0.23,0.0,11714.7,117.23,1.78
6931,PE,64116,1079,240.06,240.77,241.72,0.4,0.09,13568.5,135.78,1.77
7087,US,40581,1077,192.7,198.32,198.67,0.14,0.0,10891.0,108.99,1.77
7286,FR,209428,1080,64.39,69.58,70.35,0.12,0.0,3643.7,36.46,1.77
7599,CA,60900,1061,159.47,166.23,183.26,5.13,1.21,8984.9,89.91,1.77
7712,US,11878,1077,177.42,177.71,178.0,0.18,0.0,10032.4,100.39,1.77
7714,US,11878,1079,212.71,221.91,222.23,5.89,0.0,11986.0,119.94,1.77
7728,US,397700,1077,164.14,164.42,199.61,0.18,0.0,9251.9,92.58,1.77
6498,CA,852,1080,158.47,165.04,167.85,0.57,0.0,8984.2,89.9,1.76
6598,US,20473,1074,210.93,216.06,217.68,0.12,0.0,11984.1,119.92,1.76
6909,US,63949,1080,205.48,209.72,210.65,0.22,0.0,11691.9,117.0,1.76
6919,LU,210834,1077,59.62,65.86,66.78,0.24,0.0,3376.2,33.79,1.76
7704,NL,30058,1077,61.92,65.13,65.47,0.09,0.0,3525.8,35.28,1.76
6565,US,63056,1077,178.32,180.71,181.3,0.2,0.0,10163.0,101.7,1.75
7104,PA,272037,1077,215.37,221.77,223.49,0.84,0.0,12270.8,122.79,1.75
7253,US,1280,1077,204.64,210.59,211.14,0.15,0.0,11698.7,117.07,1.75
7707,US,401612,1077,164.99,165.28,165.5,0.13,0.0,9397.5,94.04,1.75
7374,US,33362,1073,170.51,175.93,176.83,0.43,0.09,9807.7,98.15,1.74
7449,US,21699,1077,203.4,211.81,215.51,1.16,0.0,11673.0,116.81,1.74
7496,US,53356,1076,203.32,209.2,210.32,0.67,0.0,11692.0,117.0,1.74
7608,CO,7195,1073,210.98,213.93,239.27,0.14,0.09,12149.0,121.57,1.74
6480,US,13925,1067,202.17,209.01,211.18,0.19,0.09,11692.3,117.0,1.73
6649,US,199610,1077,207.74,213.95,215.64,0.32,0.0,11985.7,119.94,1.73
6811,US,31713,1079,207.78,213.05,213.91,0.12,0.09,11986.2,119.95,1.73
6973,US,14061,1077,202.4,203.11,203.46,0.15,0.0,11706.0,117.14,1.73
6978,CO,16552,1077,210.69,212.65,213.5,0.19,0.0,12159.2,121.68,1.73
6989,US,16552,1077,207.39,213.62,215.37,0.26,0.0,11985.7,119.94,1.73
7416,CA,11358,1080,163.31,167.5,167.78,0.17,0.0,9452.5,94.59,1.73
7510,CR,273147,1079,218.84,223.71,228.02,4.5,0.0,12616.2,126.25,1.73
7585,US,395412,1077,208.19,214.27,215.89,0.11,0.0,12001.9,120.1,1.73
7730,DE,21336,1077,55.62,61.06,327.07,0.94,0.0,3210.0,32.12,1.73
6525,US,32,1070,201.56,209.84,214.21,0.28,0.28,11700.9,117.09,1.72
7256,US,13781,1074,180.1,183.13,188.82,1.69,0.0,10472.9,104.8,1.72
7650,SV,12127,1070,216.96,223.16,223.68,3.15,0.19,12606.7,126.15,1.72
7720,US,30058,1077,206.04,211.31,212.16,0.15,0.0,12002.1,120.1,1.72
7732,US,40916,1075,201.13,209.88,212.56,0.24,0.0,11692.2,117.0,1.72
6950,US,398447,1072,200.62,209.48,214.03,0.12,0.0,11692.3,117.0,1.71
7514,US,22611,1077,205.38,210.52,211.39,0.11,0.0,11986.0,119.94,1.71
7525,CR,263762,1077,216.78,221.96,222.93,0.19,0.0,12632.9,126.42,1.71
6408,US,36236,1074,202.59,203.93,210.32,3.42,0.0,11878.8,118.87,1.7
6875,US,1856,1077,154.22,158.44,159.37,0.2,0.0,9078.7,90.85,1.7
6924,CA,239,1076,161.05,162.41,164.59,0.39,0.0,9453.8,94.6,1.7
7360,US,23459,1022,203.52,211.99,212.59,0.38,0.0,11986.1,119.94,1.7
7368,US,396279,1075,168.6,173.17,175.07,0.56,0.09,9912.1,99.19,1.7
7549,US,397032,1066,189.22,197.23,230.39,6.45,0.19,11133.2,111.41,1.7
7657,US,23352,1080,170.54,170.77,170.93,0.17,0.0,10041.2,100.48,1.7
7709,EC,263238,1077,219.24,224.47,225.45,0.31,0.0,12883.3,128.92,1.7
7770,US,6939,1080,204.46,207.4,207.75,0.1,0.0,12002.1,120.1,1.7
6719,CA,16276,1077,152.2,156.36,157.24,0.23,0.0,9017.1,90.23,1.69
7105,US,267,1077,164.77,168.95,169.86,0.15,0.0,9759.0,97.66,1.69
7572,CA,401167,1077,162.04,166.28,167.86,0.47,0.0,9565.6,95.72,1.69
7579,US,396993,1077,191.54,195.75,196.65,0.15,0.0,11324.4,113.32,1.69
7719,US,19751,1074,172.8,176.96,177.83,0.16,0.0,10202.0,102.09,1.69
7199,US,12110,1074,184.34,186.86,187.61,0.13,0.0,10943.6,109.51,1.68
7242,BR,37468,1071,161.2,162.99,210.8,2.05,0.0,9580.9,95.88,1.68
7523,US,32281,1080,184.81,194.58,194.74,8.68,0.0,10968.6,109.76,1.68
7691,US,215129,1080,164.45,168.74,169.73,0.23,0.0,9759.0,97.66,1.68
6804,US,16409,1077,162.36,162.63,162.88,0.17,0.0,9720.7,97.27,1.67
6966,CA,14061,1077,158.12,158.88,159.39,0.23,0.0,9452.3,94.59,1.67
7379,US,396163,1077,189.23,191.09,191.26,0.74,0.0,11333.1,113.41,1.67
7395,US,401332,1077,167.21,169.42,175.31,4.83,0.0,10024.0,100.31,1.67
7607,SV,26617,1079,210.77,214.88,215.68,0.12,0.0,12609.0,126.18,1.67
7687,US,198990,1076,189.59,194.68,196.74,1.51,0.09,11325.8,113.34,1.67
6420,MX,42473,1074,211.23,216.58,217.85,1.54,0.0,12723.4,127.32,1.66
6590,US,199610,1074,182.6,182.89,183.11,0.19,0.0,10974.2,109.82,1.66
6925,US,917,1077,176.91,182.08,182.97,0.2,0.0,10620.5,106.28,1.66
7070,CA,4508,1077,158.18,162.37,163.24,0.14,0.0,9530.9,95.38,1.66
7159,US,53698,1080,197.67,199.49,202.33,0.37,0.0,11878.7,118.87,1.66
7224,US,54316,1077,155.33,159.64,160.56,0.23,0.0,9333.2,93.4,1.66
7436,US,54148,1075,176.51,181.7,183.74,0.23,0.09,10620.4,106.28,1.66
7641,CA,40470,1077,148.3,151.28,151.6,0.14,0.0,8984.7,89.91,1.65
6456,CA,20473,1077,154.89,159.03,159.88,0.14,0.0,9452.4,94.59,1.64
6783,US,199610,1074,153.97,156.86,157.78,0.29,0.0,9379.2,93.86,1.64
6860,CA,53356,1077,154.74,158.94,160.52,0.16,0.0,9441.1,94.48,1.64
6884,US,19969,1077,174.06,178.44,178.93,0.14,0.0,10623.6,106.31,1.64
7038,US,14907,1077,185.59,190.82,192.18,0.27,0.0,11312.7,113.21,1.64
7673,SV,264635,1068,206.42,222.23,223.63,4.03,0.56,12552.8,125.62,1.64
7741,US,19366,1076,189.15,189.42,194.3,1.1,0.0,11505.0,115.13,1.64
6379,US,36236,1077,164.15,165.21,167.21,0.22,0.0,10056.9,100.64,1.63
6835,US,30475,1075,179.74,182.7,184.8,0.16,0.09,10999.3,110.07,1.63
7682,CA,32018,1074,154.91,157.78,158.39,0.1,0.0,9472.5,94.79,1.63
6588,US,10886,1074,157.89,158.25,158.42,0.17,0.0,9713.4,97.2,1.62
7206,US,60841,1080,183.34,192.27,195.91,5.79,0.0,11324.6,113.32,1.62
7238,US,23428,1077,171.82,174.56,178.93,4.29,0.0,10620.3,106.28,1.62
7361,US,52210,1077,171.75,178.49,179.25,0.49,0.0,10620.6,106.28,1.62
7582,US,401332,1080,171.95,174.61,178.92,4.2,0.0,10620.4,106.28,1.62
6888,CA,835,1077,152.67,158.04,158.86,0.22,0.0,9453.2,94.6,1.61
7306,US,393577,1077,170.8,175.24,178.39,1.09,0.0,10620.4,106.28,1.61
7381,US,396163,1080,161.64,165.79,166.65,0.08,0.0,10042.3,100.49,1.61
7422,GT,273149,911,202.88,246.65,270.53,16.54,5.3,12616.5,126.25,1.61
7768,US,46733,1074,171.56,174.59,175.45,0.2,0.0,10620.2,106.28,1.61
6373,US,32097,1069,170.64,174.79,176.47,0.19,0.28,10624.2,106.32,1.6
7215,US,1003,1079,170.04,174.24,175.19,0.19,0.0,10620.5,106.28,1.6
7528,GT,271885,1077,202.57,204.62,206.39,0.13,0.0,12614.5,126.23,1.6
7706,US,30058,1077,161.16,161.82,162.74,0.13,0.0,10037.8,100.45,1.6
6597,US,20473,1074,159.3,166.08,166.51,0.19,0.0,10042.0,100.49,1.59
6990,US,16552,1077,174.89,180.03,181.65,0.15,0.0,10974.2,109.82,1.59
7334,US,394177,1080,159.81,170.03,170.36,4.94,0.0,10037.8,100.45,1.59
7466,US,42198,1077,155.61,158.56,159.02,0.11,0.0,9751.2,97.58,1.59
7298,MX,64112,1074,200.76,203.05,204.05,0.31,0.0,12666.0,126.75,1.58
7341,US,32270,1077,173.19,178.29,179.14,0.07,0.0,10974.3,109.82,1.58
6437,US,20473,1077,178.15,184.28,184.64,0.17,0.0,11325.0,113.33,1.57
6585,US,36236,1074,152.27,156.67,158.87,0.2,0.0,9720.4,97.27,1.57
7095,US,397031,1080,147.25,150.22,152.24,0.15,0.0,9397.3,94.04,1.57
7158,US,53698,1077,154.3,160.39,161.22,0.17,0.0,9830.4,98.37,1.57
7430,US,2637,1076,165.79,171.17,172.03,0.44,0.0,10568.1,105.75,1.57
7668,US,399728,1077,153.15,156.25,157.24,0.18,0.0,9721.5,97.28,1.57
7757,US,19684,1077,169.58,174.76,176.43,0.2,0.0,10799.8,108.07,1.57
6436,US,20473,1077,146.99,151.12,151.97,0.11,0.0,9420.0,94.27,1.56
6524,US,55002,1077,151.72,154.97,157.03,0.26,0.0,9720.6,97.27,1.56
6797,US,16276,1077,152.42,156.62,157.47,0.13,0.0,9754.6,97.61,1.56
6629,US,202422,1077,156.17,161.45,162.42,0.23,0.0,10037.6,100.45,1.55
6643,US,202422,1074,170.44,172.51,174.16,0.13,0.0,10974.2,109.82,1.55
6644,US,199524,1074,145.1,149.3,149.61,0.16,0.0,9378.8,93.85,1.55
6988,US,16552,1080,175.43,181.65,182.56,0.19,0.0,11325.2,113.33,1.55
7187,US,208398,1080,150.55,155.0,155.84,0.23,0.0,9720.5,97.27,1.55
7205,US,204770,1074,155.23,160.55,161.4,0.14,0.0,10037.9,100.45,1.55
6452,US,20473,1077,168.74,174.83,176.47,0.14,0.0,10975.3,109.83,1.54
6574,US,40809,1077,144.82,149.04,150.79,0.17,0.0,9378.1,93.85,1.54
6725,US,21700,1077,144.96,146.05,148.15,0.14,0.0,9377.8,93.84,1.54
7014,US,19528,1073,149.65,152.6,154.03,0.15,0.19,9687.6,96.94,1.54
7513,US,14907,1080,149.52,154.74,155.67,0.21,0.0,9720.7,97.27,1.54
7550,US,397032,1074,169.4,175.57,177.25,0.26,0.0,10974.3,109.82,1.54
7692,US,27446,1079,159.05,165.21,166.92,0.31,0.09,10305.5,103.13,1.54
6454,US,20473,1080,162.32,167.47,169.1,0.24,0.0,10569.0,105.76,1.53
6927,US,917,1076,143.18,144.29,145.13,0.12,0.0,9378.0,93.85,1.53
6928,US,917,1079,148.97,154.14,155.82,0.19,0.09,9720.1,97.27,1.53
6946,US,16552,1074,143.83,148.1,149.69,0.15,0.0,9377.0,93.84,1.53
7283,HN,64150,1076,189.97,196.02,200.08,0.38,0.0,12369.4,123.78,1.53
7498,US,49544,1074,149.01,153.99,154.94,0.16,0.0,9720.3,97.27,1.53
7471,US,3842,1080,142.36,146.54,147.41,0.1,0.0,9377.8,93.84,1.52
7474,US,3842,1076,160.26,165.59,171.78,1.62,0.09,10569.0,105.76,1.52
6972,US,14061,1080,141.61,141.78,142.12,0.16,0.0,9380.0,93.87,1.51
6428,US,32425,1074,147.68,152.85,154.52,0.21,0.0,9825.7,98.33,1.5
7348,US,19750,1080,145.97,152.03,152.89,0.1,0.0,9723.2,97.3,1.5
6769,US,31713,1074,143.64,147.88,150.61,0.49,0.0,9720.0,97.27,1.48
7346,US,400226,1080,171.0,175.19,176.83,0.17,0.0,11514.5,115.22,1.48
7193,US,59678,1075,136.93,142.22,143.08,0.23,0.09,9420.0,94.27,1.45
7020,IQ,21277,1077,0.1,0.3,0.89,0.25,0.0,0.0,0.0,
